sample_ID,Bacteria;Abditibacteriota;Abditibacteria,Bacteria;Acidobacteriota;Aminicenantia,Bacteria;Acidobacteriota;Blastocatellia,Bacteria;Acidobacteriota;Subgroup 5,Bacteria;Actinobacteriota;Acidimicrobiia,Bacteria;Actinobacteriota;Actinobacteria,Bacteria;Actinobacteriota;Coriobacteriia,Bacteria;Actinobacteriota;Thermoleophilia,Bacteria;Bacteroidota;Bacteroidia,Bacteria;Bdellovibrionota;Bdellovibrionia,Bacteria;Bdellovibrionota;Oligoflexia,Bacteria;Campilobacterota;Campylobacteria,Bacteria;Chloroflexi;Anaerolineae,Bacteria;Cyanobacteria;Cyanobacteriia,Bacteria;Cyanobacteria;Vampirivibrionia,Bacteria;Dependentiae;Babeliae,Bacteria;Desulfobacterota;Desulfovibrionia,Bacteria;Desulfobacterota;Desulfuromonadia,Bacteria;Elusimicrobiota;Elusimicrobia,Bacteria;Elusimicrobiota;Lineage IIa,Bacteria;Fibrobacterota;Fibrobacteria,Bacteria;Firmicutes;Bacilli,Bacteria;Firmicutes;Clostridia,Bacteria;Firmicutes;Incertae Sedis,Bacteria;Firmicutes;Limnochordia,Bacteria;Firmicutes;Moorellia,Bacteria;Firmicutes;Negativicutes,Bacteria;Firmicutes;uncultured,Bacteria;Fusobacteriota;Fusobacteriia,Bacteria;Myxococcota;Polyangia,Bacteria;Myxococcota;bacteriap25,Bacteria;Nitrospirota;Nitrospiria,Bacteria;Patescibacteria;Saccharimonadia,Bacteria;Proteobacteria;Alphaproteobacteria,Bacteria;Proteobacteria;Gammaproteobacteria,Bacteria;Spirochaetota;Brachyspirae,Bacteria;Spirochaetota;Spirochaetia,Bacteria;Synergistota;Synergistia,Bacteria;Verrucomicrobiota;Lentisphaeria,Bacteria;Verrucomicrobiota;Verrucomicrobiae,label
H18192,0,0,0,0,0,5,116,0,3828,0,0,0,0,0,57,0,56,0,0,0,0,89,2568,0,0,0,6254,0,0,0,0,0,0,0,732,0,0,0,0,0,0
H26766,0,0,0,0,0,2,12,0,13399,0,0,0,0,0,0,0,7,0,0,0,0,129,4427,0,0,0,166,0,0,0,0,0,0,0,84,0,0,0,0,0,0
H25836,0,0,0,0,0,3,91,0,8811,0,0,0,0,0,1,0,32,0,0,0,0,991,8325,0,0,0,1594,0,0,0,0,0,0,0,1169,0,0,0,0,0,0
H26835,0,0,0,0,0,20,245,0,3080,0,0,0,0,0,0,0,135,0,0,0,0,451,2327,0,0,0,497,0,0,0,0,0,0,0,6633,0,0,0,0,0,0
H18263,0,0,0,0,0,16,82,0,12758,0,0,5,0,0,0,0,12,0,0,0,0,144,3227,0,0,0,4157,0,0,0,0,0,0,0,89,0,0,0,0,0,0
H18325,0,0,0,0,0,7,508,0,5821,0,0,0,0,0,0,0,324,0,0,0,0,341,5611,0,0,0,2271,0,0,0,0,0,0,0,2795,0,0,0,0,0,0
H18152,0,0,0,0,0,0,64,0,9344,0,0,0,0,0,0,0,72,0,0,0,0,34,3715,0,0,0,214,0,0,0,0,0,0,0,2041,0,0,0,0,0,0
H26853,0,0,0,0,0,11,209,0,6029,0,0,0,0,0,0,0,16,0,0,0,0,249,3022,0,0,0,81,2,0,0,0,0,0,0,708,0,0,0,0,0,0
H25861,0,0,0,0,0,2,274,0,10260,0,0,0,0,0,1,0,115,0,0,0,0,533,8542,0,0,0,2392,0,0,0,0,0,0,0,1799,0,0,0,0,0,1
H18135,0,0,0,0,0,6,149,0,6374,0,0,1,0,0,0,0,73,0,0,0,0,179,3518,0,0,0,857,0,0,0,0,0,0,1,665,0,0,0,0,0,1
H26721,0,0,0,0,0,5,3,0,5578,0,0,0,0,0,0,0,2,0,0,0,0,215,3230,0,0,0,3487,0,0,0,0,0,0,0,1721,0,0,0,0,0,0
H18225,0,0,0,0,0,10,148,0,7714,0,0,0,0,0,0,0,0,0,0,0,0,59,2988,0,0,0,8807,0,0,0,0,0,1,0,2702,0,0,0,0,0,0
H26851,0,0,0,0,0,1,33,0,1260,0,0,0,0,0,22,0,0,0,0,0,0,413,6949,0,0,0,352,0,0,0,0,0,0,1,339,0,0,0,0,0,0
H34119,0,0,0,0,0,15,390,0,3194,0,0,0,0,0,99,0,1,0,1,0,0,3296,7524,0,0,0,4712,0,0,0,0,0,1,2,267,0,0,0,0,6,0
H25842,0,0,0,0,0,159,594,0,1898,0,0,0,0,0,0,0,0,0,0,0,0,3391,4907,0,0,0,280,0,0,0,0,0,24,7,13279,0,0,0,0,0,0
H26832,0,0,0,0,0,13,326,0,6004,0,0,0,0,0,0,0,27,0,0,0,0,1257,8583,0,0,0,170,0,0,5,0,0,0,0,721,0,0,0,0,0,1
H18186,0,0,0,0,0,18,343,0,4382,0,0,0,0,0,18,0,117,0,0,0,0,388,8404,0,0,0,153,0,3,0,0,0,7,1,265,0,0,0,0,0,0
H18354,0,0,0,0,0,2,31,0,6147,0,0,0,0,0,7,0,52,0,0,0,0,261,6377,0,0,0,362,0,0,0,0,0,0,0,149,0,0,0,0,0,0
H25771,0,0,0,0,0,23,660,0,6141,0,0,0,0,0,0,0,40,0,0,0,0,1297,8531,0,0,0,720,0,8,0,0,0,0,0,517,0,0,0,0,0,0
H27312,0,0,0,0,0,7,48,0,4789,0,0,0,0,0,0,0,0,0,0,0,0,33,7437,0,0,0,11059,0,0,0,0,0,2,0,48,0,0,0,0,0,0
H21543,0,0,0,0,0,28,223,0,8169,0,0,0,0,0,0,0,127,0,0,0,0,306,12299,5,0,0,349,0,0,0,0,0,0,0,584,0,0,0,0,5,0
H27054,0,0,0,0,0,0,113,0,6498,0,0,0,0,0,0,0,0,0,0,0,0,1042,5530,0,0,0,329,0,2,0,0,0,0,0,417,0,0,0,0,0,0
H27411,0,0,0,0,0,14,198,0,12519,0,0,1,0,0,1,0,47,0,0,0,0,904,13974,57,0,0,366,1,1,0,0,0,2,0,2442,0,0,2,0,9,0
H18247,0,0,0,0,0,4,788,0,11644,0,0,0,0,0,0,0,2,0,0,0,0,1138,9164,0,0,0,200,0,0,0,0,0,0,0,120,0,0,0,0,0,1
H18229,0,0,0,0,0,6,27,0,645,0,0,0,0,0,0,0,0,0,0,0,0,1084,2596,0,0,0,4244,0,1,0,0,0,0,5,6239,0,0,0,0,0,0
H27284,0,0,0,0,0,12,567,0,1133,0,0,0,0,0,26,0,83,0,0,0,0,3643,12725,0,0,0,2013,0,10,0,0,0,1,0,2015,0,0,0,0,3,1
H31024,0,0,0,0,0,34,1186,0,20705,0,0,0,0,0,0,0,32,0,0,0,0,463,8590,0,0,0,2285,0,2,0,0,0,0,0,403,0,0,0,0,0,0
H26793,0,0,0,0,0,3,224,0,2727,0,0,0,0,0,5,0,207,0,0,0,0,509,3376,3,0,0,588,0,0,0,0,0,1,0,3009,0,0,0,0,0,0
H26720,0,0,0,0,0,39,16,0,1503,0,0,0,0,0,0,0,0,0,0,0,0,207,3220,0,0,0,1232,0,0,0,0,0,0,0,323,0,0,0,0,0,0
H25773,0,0,0,0,0,4,35,0,13909,0,0,0,0,0,7,0,131,0,0,0,0,188,9263,0,0,0,553,0,0,0,0,0,0,2,1126,0,0,0,0,0,0
H26066,0,0,0,0,0,5,172,0,3818,0,0,0,0,0,0,0,0,0,0,0,0,503,9552,0,0,0,2613,0,0,0,0,0,0,0,224,0,0,0,0,0,0
H25972,0,0,0,0,0,4,129,0,7187,0,0,0,0,0,0,0,44,0,0,0,0,725,12435,0,0,0,4943,0,1,0,0,0,3,0,394,0,0,0,0,0,0
H30956,0,0,0,0,0,6,17,0,3121,0,0,0,0,0,0,0,3,0,0,0,0,6957,2715,0,0,0,12,0,0,0,0,0,14,0,21224,0,0,0,0,0,0
H18216,0,0,0,0,0,5,100,0,13842,0,0,2,0,0,0,0,0,0,0,0,0,545,10919,0,0,0,3643,0,0,0,0,0,0,0,328,0,0,0,0,0,0
H26010,0,0,0,0,0,60,1404,0,4791,0,0,0,0,0,0,0,1,0,0,0,0,152,13840,0,0,0,9553,0,0,0,0,0,0,0,2499,0,0,0,0,0,1
H25808,0,0,0,0,0,2,179,0,7385,0,0,0,0,0,0,0,113,0,0,0,0,86,3455,0,0,0,487,0,0,0,0,0,0,0,1229,0,0,0,0,1,0
H25764,0,0,0,0,0,8,68,0,8238,0,0,0,0,0,0,0,0,0,0,0,0,672,7015,0,0,0,2113,0,0,0,0,0,0,0,1150,0,0,0,0,0,0
H26797,0,0,0,0,0,15,318,0,1294,0,0,0,0,0,0,0,0,0,0,0,0,148,8131,0,0,0,2032,0,0,0,0,0,8,0,1008,0,0,0,0,0,0
H27112,0,0,0,0,0,7,428,0,6584,0,0,0,0,0,5,0,17,0,0,0,0,1213,8354,0,0,0,4147,0,0,0,0,0,0,0,408,0,0,0,0,2,0
H27233,0,0,0,0,0,1,329,0,13049,0,0,0,0,0,0,0,20,0,0,0,0,144,8060,0,1,0,2914,0,0,0,0,0,0,0,2004,0,0,0,0,0,0
H18187,0,0,0,0,0,0,134,0,9442,0,0,0,0,0,83,0,5,0,0,0,0,318,4607,0,0,0,380,0,0,0,0,0,3,0,1426,0,0,0,0,0,0
H34151,0,0,0,0,0,58,888,0,1906,0,0,1,0,0,0,0,9,0,0,0,0,3661,15208,0,0,0,35,0,0,0,0,0,6,15,722,0,0,0,0,0,1
H18190,0,0,0,0,0,4,282,0,6101,0,0,0,0,0,15,0,412,0,0,0,0,1172,6689,0,1,0,576,0,0,0,0,0,0,0,422,0,0,0,0,0,1
H27970,0,0,0,0,0,2,41,0,5541,0,0,0,0,0,64,0,8,0,0,0,0,149,4451,1,0,0,232,0,0,0,0,0,0,0,63,0,0,0,0,0,1
H25831,0,0,0,0,0,11,72,0,8175,0,0,0,0,0,0,0,150,0,0,0,0,1038,9245,4,3,0,3971,0,0,0,0,0,0,0,378,0,0,0,0,1,0
H26035,0,0,0,0,0,8,165,0,2610,0,0,0,0,0,32,0,3,0,0,0,0,133,4472,0,0,0,4227,0,0,0,0,0,3,2,5734,0,0,0,0,1,0
H31017,0,0,0,0,0,58,679,0,10070,0,0,0,0,0,0,0,11,0,0,0,0,399,8002,0,0,0,1524,0,200,0,0,0,8,0,4402,0,0,6,0,0,0
H27226,0,0,0,0,0,7,38,0,18779,0,0,0,0,0,0,0,3,0,0,0,0,356,4198,0,0,0,2949,0,0,0,0,0,0,0,1127,0,0,0,0,0,1
H32810,0,0,0,0,0,46,1213,0,5805,0,0,0,0,0,0,0,4,0,0,0,0,1591,7670,0,0,0,1717,0,0,0,0,0,4,0,145,0,0,0,0,0,0
H29075,0,0,0,0,0,4,21,0,5170,0,0,0,0,0,0,0,124,0,0,0,0,34,2134,0,0,0,1170,0,0,0,0,0,1,0,505,0,0,0,0,0,0
H26073,0,0,0,0,0,2,16,0,7140,0,0,0,0,0,0,0,21,0,0,0,0,279,2596,0,0,0,1418,0,0,0,0,0,1,2,5209,0,0,0,0,4,0
H25981,0,0,0,0,0,17,357,0,9857,0,0,0,0,0,0,0,34,0,0,0,0,4193,7496,16,2,0,109,0,0,0,0,0,0,5,161,0,0,0,0,1,0
H27254,0,0,0,0,0,20,29,0,10806,0,0,0,0,0,0,0,12,0,0,0,0,460,8438,0,0,0,9957,0,0,0,0,0,0,2,472,0,0,0,0,0,0
H28008,0,0,0,0,0,0,109,0,20170,0,0,0,0,0,0,0,0,0,0,0,0,202,9196,0,0,0,110,0,0,0,0,0,0,12,25,0,0,0,0,0,0
H34096,0,0,0,0,0,32,608,0,7666,0,0,0,0,0,0,0,5,0,0,0,0,2744,7158,0,0,0,450,0,0,0,0,0,9,0,7396,0,0,0,0,0,1
H27310,0,0,0,0,0,4,221,0,6025,0,0,3,0,0,0,0,52,0,0,0,0,850,12980,0,0,0,454,0,0,0,0,0,3,0,2574,0,0,0,0,0,0
H31033,0,0,0,0,0,11,189,0,16413,0,0,1,0,0,23,0,46,0,0,0,0,682,4816,2,0,0,2571,0,1,0,0,0,0,0,618,0,0,0,0,0,0
H26040,0,0,0,0,0,6,106,0,5593,0,0,0,0,0,1,0,130,0,0,0,0,156,4801,7,0,0,581,0,0,0,0,0,0,0,519,0,0,0,0,2,0
H32787,0,0,0,0,0,20,544,0,8070,0,0,4,0,0,8,0,0,0,0,0,0,579,8325,0,0,0,658,0,0,0,0,0,2,2,4697,0,0,0,0,0,0
H28000,0,0,0,0,0,1,71,0,14342,0,0,0,0,0,6,0,6,0,0,0,0,460,8827,37,0,0,678,0,0,0,0,0,3,0,124,0,0,0,0,0,0
H27220,0,0,0,0,0,4,23,0,9843,0,0,0,0,0,0,0,47,0,0,0,0,512,8749,0,0,0,1126,0,0,0,0,0,0,0,552,0,0,0,0,0,0
H26104,0,0,0,0,0,12,68,0,495,0,0,0,0,0,0,0,4,0,0,0,0,994,7107,0,0,0,14,0,0,0,0,0,0,0,291,0,0,0,0,0,0
H26583,0,0,0,0,0,8,262,0,199,0,0,0,0,0,0,0,1,0,0,0,0,4056,2228,0,0,0,2997,0,1,0,0,0,3,0,61,0,0,0,0,0,0
H26881,0,0,0,0,0,7,72,0,2716,0,0,0,0,0,0,0,4,0,0,0,0,3595,2974,0,0,0,276,0,0,0,0,0,2,0,634,0,0,0,0,0,0
H26045,0,0,0,0,0,39,714,0,7390,0,0,4,0,0,0,0,13,0,0,0,0,1096,6905,0,0,0,236,0,6,0,0,0,0,0,6521,0,0,0,0,0,0
H27435,0,0,0,0,0,14,57,0,3336,0,0,0,0,0,6,0,0,0,0,0,0,191,3844,0,0,0,2510,0,0,0,0,0,1,2,27200,0,0,0,0,0,0
H26043,0,0,0,0,0,0,40,0,3140,0,0,0,0,0,0,0,15,0,0,0,0,441,8153,0,0,0,4281,0,0,0,0,0,1,0,452,0,0,0,0,0,0
H27939,0,0,0,0,0,0,275,0,8283,0,0,0,0,0,0,0,0,0,0,0,0,505,11462,0,0,0,487,0,0,0,0,0,0,0,1721,0,0,0,0,0,1
H18124,0,0,0,0,0,6,192,0,7960,0,0,0,0,0,14,0,156,0,0,0,0,741,5291,0,0,0,414,0,1,0,0,0,0,0,238,0,0,0,0,0,0
H27276,0,0,0,0,0,2,17,0,11648,0,0,0,0,0,0,0,160,0,0,0,0,1291,8449,7,0,0,2030,0,0,0,0,0,1,73,640,0,0,0,0,1,0
H27277,0,0,0,0,0,1,19,0,9648,0,1,0,0,0,0,0,0,0,0,0,0,444,10932,0,0,0,1685,0,0,0,0,0,5,1,2039,0,0,0,0,0,0
H26897,0,0,0,0,0,4,26,0,5592,0,0,0,0,0,1,0,7,0,0,0,0,566,3648,0,0,0,1498,0,0,0,0,0,0,0,527,0,0,0,0,0,0
H27114,0,0,0,0,0,6,47,0,18075,0,0,11,0,0,0,0,42,0,0,0,0,246,8669,0,0,0,576,0,0,0,0,0,0,0,2234,0,0,1,0,0,0
H18253,0,0,0,0,2,12,406,0,6065,0,0,0,0,0,30,0,20,0,0,0,0,568,4019,0,0,0,153,0,85,0,0,0,15,12,1819,0,0,0,0,0,0
H18148,0,0,0,0,0,3,78,0,8635,0,0,0,0,0,0,0,779,0,0,0,0,973,3790,0,0,0,2294,0,1,0,0,0,2,0,157,0,0,0,0,0,0
H26628,0,0,0,0,0,0,30,0,3528,0,0,0,0,0,0,0,49,0,0,0,0,230,2565,0,0,0,704,0,0,0,0,0,0,0,3518,0,0,0,0,0,0
H18174,0,0,0,0,0,14,23,0,7757,0,0,0,0,0,0,0,166,0,0,0,0,325,4515,0,1,0,5348,0,0,0,0,0,0,0,226,0,0,0,0,0,0
H26843,0,0,0,0,0,2,70,0,4410,0,0,0,0,0,0,0,14,0,0,0,0,152,3807,1,2,0,113,0,0,0,0,0,1,0,20,0,0,0,0,2,1
H27150,0,0,0,0,0,0,6,0,11339,0,0,0,0,0,0,0,12,0,0,0,0,574,7957,0,0,0,43,0,0,0,0,0,0,6,1376,0,0,0,0,0,0
H26783,0,0,0,0,0,3,237,0,2213,0,0,0,0,0,9,0,34,0,0,0,0,595,7832,0,0,0,663,0,0,4,0,0,0,0,17,0,0,0,0,0,0
H27083,0,0,0,0,0,2,120,0,11539,0,0,0,0,0,97,0,21,0,0,0,0,490,12166,1,0,0,1755,0,1,0,0,0,2,0,701,0,0,0,0,0,0
H26714,0,0,0,0,0,7,203,0,1054,0,0,0,0,0,5,0,9,0,0,0,0,445,6827,0,0,0,184,0,0,0,0,0,0,0,3010,0,0,0,0,0,0
H25903,0,0,0,0,0,3,180,0,3144,0,0,0,0,0,0,0,0,0,0,0,0,114,7853,0,0,0,2078,0,0,0,0,0,0,0,96,0,0,0,0,0,0
H26923,0,0,0,0,0,5,67,0,5669,0,0,0,0,0,0,0,194,0,0,0,0,531,2908,0,0,0,53,0,0,0,0,0,2,0,4742,0,0,0,0,0,0
H25918,0,0,0,0,0,3,6,0,5289,0,0,0,0,0,2,0,18,0,0,0,0,120,5704,0,0,0,1749,0,30,0,0,0,1,0,199,0,0,3,0,2,0
H26880,0,0,0,0,0,11,18,0,8853,0,0,0,0,0,0,0,73,0,0,0,0,161,10236,0,1,0,366,0,0,0,0,0,0,0,9112,0,0,0,0,0,0
H26917,0,0,0,0,0,5,13,0,5358,0,0,0,0,0,1,0,0,0,0,0,0,141,3370,0,0,0,3123,0,0,0,0,0,1,0,236,0,0,0,0,0,0
H27162,0,0,0,0,0,0,48,0,11896,0,0,0,0,0,0,0,0,0,0,0,0,354,7988,0,0,0,2799,0,0,0,0,0,0,0,392,0,0,0,0,0,0
H27413,0,0,0,0,0,6,99,0,3620,0,0,0,0,0,13,0,28,0,0,0,0,261,17465,0,0,0,1263,0,0,0,0,0,6,0,567,0,0,0,0,0,0
H27129,0,0,0,0,0,2,121,0,2477,0,0,0,0,0,0,0,0,0,0,0,0,783,20344,0,0,0,40,0,0,0,0,0,0,0,642,0,0,0,0,0,0
H31085,0,0,0,0,0,3,238,0,5428,0,0,0,0,0,0,0,29,0,0,0,0,655,7837,0,0,0,1879,0,0,0,0,0,0,0,2378,0,0,0,0,0,0
H27172,0,0,0,0,0,1,81,0,12871,0,0,0,0,0,14,0,161,0,0,0,0,357,6064,0,0,0,666,0,0,0,0,0,11,0,1669,0,0,0,0,0,0
H25751,0,0,0,0,0,4,324,0,10561,0,0,2,0,0,0,0,0,0,0,0,0,255,6861,0,0,0,997,0,0,0,0,0,1,0,1833,0,0,0,0,0,0
H25778,0,0,0,0,0,11,433,0,4370,0,0,0,0,0,21,0,12,0,0,0,0,1292,7916,2,0,0,1111,0,0,0,0,0,0,0,22,0,0,0,0,0,0
H25960,0,0,0,0,0,32,69,0,3696,0,0,0,0,0,30,0,5,0,0,0,0,1641,10222,7,0,0,67,9,0,0,0,0,0,4,5147,0,0,0,0,0,0
H27390,0,0,0,0,0,2,169,0,9195,0,0,0,0,0,0,0,293,0,0,0,0,5283,9874,0,0,0,290,0,0,0,0,0,2,0,161,0,0,0,0,1,0
H25985,0,0,0,0,0,14,38,0,13526,0,0,0,0,0,0,0,0,0,0,0,0,233,10420,0,0,0,33,0,0,0,0,0,0,3,354,0,0,0,0,0,0
H18374,0,0,0,0,0,10,605,0,7254,0,0,9,0,0,0,0,23,0,0,0,0,1637,7583,0,0,0,129,0,0,0,0,0,1,0,605,0,0,0,0,0,0
H27191,0,0,0,0,0,3,264,0,8633,0,0,0,0,0,0,0,34,0,0,0,0,162,10596,0,0,0,422,0,0,0,0,0,4,0,1269,0,0,0,0,0,0
H25748,0,0,0,0,0,17,400,0,3226,0,0,0,0,0,204,0,5,0,0,0,0,326,10082,0,0,0,8370,0,0,0,0,0,2,16,1949,0,0,0,0,0,0
H26867,0,0,0,0,0,1,19,0,7545,0,0,0,0,0,12,0,7,0,0,0,0,188,4870,0,0,0,1902,0,0,0,0,0,0,0,92,0,0,0,0,0,0
H26011,0,0,0,0,0,30,404,0,12356,0,0,0,0,0,0,0,208,0,0,0,0,925,8148,0,0,0,1308,0,0,0,0,0,0,3,627,0,0,0,0,0,0
H26737,0,0,0,0,0,3,26,0,494,0,0,0,0,0,0,0,0,0,0,0,0,127,2786,0,0,0,123,0,0,0,0,0,0,0,17288,0,0,0,0,0,0
H27250,0,0,0,0,0,4,194,0,11965,0,0,2,0,0,0,0,231,0,0,0,0,895,8228,23,0,0,956,0,4,0,0,0,0,3,8306,0,0,0,0,0,0
H18362,0,0,0,0,0,3,68,0,8735,0,0,0,0,0,0,0,503,0,0,0,0,533,7648,0,0,0,2787,0,0,0,0,0,1,0,304,0,0,0,0,0,0
H26039,0,0,0,0,0,5,153,0,3592,0,0,0,0,0,6,0,14,0,0,0,0,1232,5150,2,1,0,152,0,0,0,0,0,0,0,110,0,0,0,0,3,0
H18121,0,0,0,0,0,3,170,0,4320,0,0,0,0,0,0,0,16,0,0,0,0,99,3325,0,1,0,1179,0,0,0,0,0,0,1,395,0,0,0,0,0,0
H29071,0,0,0,0,0,49,104,0,3579,0,0,0,0,0,0,0,35,0,0,0,0,941,12987,0,0,0,103,0,1,0,0,0,1,0,48470,0,0,0,0,0,0
H31087,0,0,0,0,0,38,753,0,6430,0,0,1,0,0,39,0,29,0,0,0,0,966,6989,0,0,0,1156,0,0,0,0,0,0,0,8431,0,0,0,0,0,0
H26087,0,0,0,0,0,9,23,0,3522,0,0,0,0,0,271,0,49,0,0,0,0,987,3943,0,0,0,1067,0,0,0,0,0,1,0,2882,0,0,0,0,0,0
H25973,0,0,0,0,1,9,555,0,6606,0,0,0,0,0,0,0,45,0,0,0,0,2064,6493,0,0,0,230,0,2,0,0,0,1,2,48,268,0,0,0,0,0
H26884,0,0,0,0,0,3,319,0,2680,0,0,0,0,0,18,0,1,0,0,0,0,2150,3681,0,0,0,1200,0,0,0,0,0,0,0,12,7,0,0,0,0,1
H18134,0,0,0,0,0,8,454,0,5808,0,0,0,0,0,0,0,0,0,0,0,0,1553,8623,0,0,0,1058,0,0,0,0,0,6,0,989,0,0,0,0,0,0
H25869,0,0,0,0,0,2,80,0,9083,0,0,0,0,0,8,0,5,0,0,0,0,1065,7556,32,0,0,544,0,0,0,0,0,0,0,5864,0,0,0,0,1,1
H34106,0,0,0,0,0,11,451,0,8058,0,0,0,0,0,10,0,260,0,0,0,0,389,5042,8,0,0,55,0,2,0,0,0,0,15,6215,0,0,7,0,3,1
H26084,0,0,0,0,0,6,182,0,8282,0,0,0,0,0,5,0,62,0,0,0,0,312,4974,0,0,0,1354,0,1,0,0,0,0,0,1663,0,0,1,0,0,0
H27985,0,0,0,0,0,5,157,0,9136,0,0,2,0,0,0,0,18,0,0,0,0,1447,5233,2,0,0,372,1,0,0,0,0,0,0,123,0,0,0,0,0,1
H25810,0,0,0,0,0,1,34,0,6866,0,0,0,0,0,0,0,14,0,0,0,0,164,4379,0,0,0,608,0,1,0,0,0,0,0,291,0,0,0,0,2,0
H27437,0,0,0,0,0,1,100,0,12386,0,0,0,0,0,0,0,24,0,0,0,0,172,9429,10,0,0,2529,0,2,0,0,0,1,0,1031,0,0,0,0,1,0
H18256,0,0,0,0,0,4,306,0,9931,0,0,0,0,0,1,0,2,0,0,0,0,724,8922,1,2,0,193,0,0,0,0,0,1,0,218,0,0,0,2,0,0
H25863,0,0,0,0,0,16,362,0,7586,0,0,0,0,0,0,0,0,0,0,0,0,475,10515,0,0,0,2422,0,0,0,0,0,2,0,9434,0,0,0,0,11,1
H30916,0,0,0,0,0,11,1016,0,9211,0,0,0,0,0,0,0,11,0,0,0,0,1121,6123,0,0,0,14,0,0,0,0,0,0,0,3659,5377,0,0,0,0,0
H27107,0,0,0,0,0,14,124,0,15279,0,0,23,0,0,0,0,434,0,0,0,0,462,13236,1,0,0,3125,0,0,0,0,0,0,1,978,0,0,0,0,1,0
H26786,0,0,0,0,0,13,683,0,1635,0,0,0,0,0,0,0,9,0,0,0,0,733,6303,0,0,0,255,0,5,0,0,0,0,0,1626,0,0,0,0,0,0
H27087,0,0,0,0,0,6,141,0,10527,0,0,0,0,0,0,0,36,0,0,0,0,651,6075,0,0,0,3631,0,0,0,0,0,0,0,2077,0,0,0,0,0,0
H25799,0,0,0,0,0,20,671,0,8628,0,0,0,0,0,0,0,213,0,0,0,0,150,6961,0,0,0,1658,0,0,0,0,0,0,0,1553,0,0,0,0,0,0
H27376,0,0,0,0,0,1,71,0,17129,0,0,0,0,0,15,0,2,0,0,0,0,199,7665,0,0,0,1196,0,0,0,0,0,0,4,4203,0,0,0,0,0,0
H27370,0,0,0,0,0,14,460,0,3616,0,0,0,0,0,73,0,35,0,0,0,0,1256,16738,0,0,0,4536,0,0,2,0,0,0,0,2339,0,0,0,0,0,0
H25782,0,0,0,0,1,11,766,0,8585,0,0,0,0,0,0,0,31,0,0,0,0,1102,5117,4,0,0,100,0,0,0,0,0,0,2,15503,0,0,0,0,0,0
H28007,0,0,0,0,0,26,94,19,904,0,0,0,0,0,0,0,0,0,0,0,0,468,13656,0,0,0,80,0,0,0,0,0,0,0,39,0,0,0,0,0,0
H25970,0,0,0,0,0,16,110,0,15133,0,0,0,0,0,68,0,0,0,0,0,0,424,7547,0,0,0,2646,0,0,1,0,0,0,0,3682,0,0,0,0,0,0
H30963,0,0,16,0,0,109,923,0,2673,0,14,0,0,0,0,0,16,0,0,0,0,8570,9237,0,0,0,125,0,0,0,0,0,0,9,509,0,13,0,0,0,0
H28032,0,0,0,0,0,1,25,0,8336,0,0,2,0,0,0,0,6,0,0,0,0,228,11070,2,1,0,1208,0,0,0,0,0,0,0,237,0,0,0,0,0,0
H27402,0,0,0,0,0,74,1846,0,6775,0,0,10,0,0,1,0,67,0,0,0,0,717,18377,0,0,0,8790,0,0,0,0,0,15,0,3126,0,0,0,0,0,0
H18201,0,0,0,0,0,3,173,0,4886,0,0,0,0,0,153,0,190,0,0,0,0,1292,7045,13,0,0,402,8,0,0,0,0,0,0,217,0,0,0,0,5,0
H25832,0,0,0,0,0,3,345,0,4373,0,0,0,0,0,4,0,6,0,0,0,0,1340,4442,0,0,0,3680,0,0,0,0,0,0,0,195,0,0,0,0,0,1
H28043,0,0,0,0,0,0,848,0,16083,0,0,0,0,0,0,0,0,0,0,0,0,949,16818,0,8,0,488,0,0,0,0,0,7,0,139,0,0,0,0,1,0
H26575,0,0,0,0,0,11,281,0,3319,0,0,0,0,0,0,0,93,0,0,0,0,128,4757,0,0,0,2197,0,0,0,0,0,1,2,21,0,0,1,0,0,0
H25988,0,0,0,0,0,9,185,0,12339,0,0,0,0,0,0,0,54,0,0,0,0,624,6128,0,0,0,2830,0,0,0,0,0,0,5,502,0,0,0,0,0,0
H32784,0,0,0,0,0,1,193,0,6757,0,0,0,0,0,8,0,92,0,0,0,0,568,7618,12,2,0,1504,0,0,0,0,0,1,0,2176,0,0,0,0,0,0
H30968,0,0,0,0,0,31,494,0,10224,0,0,0,0,0,0,0,99,0,0,0,0,315,4689,0,1,0,842,0,0,0,0,0,0,0,4449,0,0,0,0,0,0
H26609,0,0,0,0,0,3,44,0,3309,0,0,0,0,0,0,0,10,0,0,0,0,195,3657,0,0,0,235,0,0,0,0,0,1,1,97,0,0,0,0,0,0
H26613,0,0,0,0,0,14,55,0,5274,0,0,0,0,0,0,0,316,0,0,0,0,700,2567,0,0,0,585,0,0,0,0,0,0,0,1061,0,0,0,0,0,0
H25798,0,0,0,0,0,1,229,0,9521,0,0,0,0,0,0,0,3,0,0,0,0,252,3694,2,0,0,10273,0,0,0,0,0,2,0,118,0,0,0,0,0,0
H21541,0,0,0,0,0,1,225,0,3526,0,0,0,0,0,0,0,17,0,0,0,0,423,6648,0,0,0,4515,0,0,0,0,0,0,0,171,0,0,0,0,0,0
H27140,0,0,0,0,0,0,7,0,9378,0,0,0,0,0,4,0,51,0,0,0,0,676,6759,7,0,0,732,0,0,0,0,0,0,1,791,0,0,0,0,1,0
H27385,0,0,0,0,0,0,57,0,14845,0,0,0,0,0,25,0,3,0,0,0,0,82,8830,0,0,0,1623,0,0,0,0,0,1,10,1214,0,0,0,0,0,0
H18324,0,0,0,0,0,3,99,0,7077,0,0,0,0,0,0,0,61,0,0,0,0,523,3570,0,0,0,82,0,0,0,0,0,0,0,3065,0,0,0,0,0,0
H26765,0,0,0,0,0,2,315,0,13491,0,0,0,0,0,0,0,7,0,0,0,0,267,3905,0,0,0,197,0,2,0,0,0,0,0,138,0,0,0,0,0,0
H27116,0,0,0,0,0,5,57,0,11567,0,0,0,0,0,0,0,280,0,0,0,0,377,4458,0,0,0,7437,0,0,0,0,0,0,0,4010,0,0,0,0,0,0
H25800,0,0,0,0,0,8,282,0,8744,0,0,0,0,0,63,0,113,0,0,0,0,432,8021,4,2,0,631,0,0,0,0,0,4,4,1345,0,0,0,0,0,0
H26916,0,0,0,0,0,2,43,0,3932,0,0,0,0,0,0,0,102,0,0,0,0,280,4792,0,0,0,687,0,0,0,0,0,0,0,471,0,0,0,0,0,1
H25895,0,0,0,0,0,18,119,0,7062,0,0,0,0,0,28,0,26,0,0,0,0,988,5696,0,0,0,317,0,0,0,0,0,0,4,8060,0,0,0,0,1,0
H30944,0,0,0,0,0,21,638,0,2330,0,0,0,0,0,0,0,1,0,0,0,0,5569,10854,0,0,0,42,0,0,0,0,0,0,0,20025,0,0,2,0,0,0
H21549,0,0,0,0,0,2,87,0,2931,0,0,0,0,0,34,0,172,0,0,0,0,2390,5240,0,0,0,89,3,0,0,0,0,2,0,134,0,0,0,0,0,0
H27961,0,0,0,0,0,0,49,0,8662,0,0,0,0,0,0,0,2,0,0,0,0,66,2563,0,0,0,204,0,0,0,0,0,0,0,469,0,0,0,0,0,0
H25997,0,0,0,0,0,3,1589,0,1465,0,0,0,0,0,0,0,0,0,0,0,0,370,8446,0,0,0,1050,0,0,0,0,0,5,4,9546,0,0,0,0,0,0
H31091,0,0,0,0,0,2,215,0,7100,0,0,0,0,0,50,0,57,0,0,0,0,154,5585,0,1,0,989,0,2,0,0,0,1,3,1173,0,0,2,0,6,0
H25897,0,0,0,0,0,3,77,0,16065,0,0,0,0,0,0,0,0,0,0,0,0,364,4939,0,0,0,80,0,0,0,0,0,0,0,163,0,0,0,0,0,1
H18364,0,0,0,0,0,5,234,0,6824,0,0,0,0,0,8,0,200,0,0,0,0,300,5275,0,0,0,379,0,0,0,0,0,1,1,2241,0,0,0,0,0,0
H26607,0,0,0,0,0,0,85,0,3343,0,0,0,0,0,0,0,42,0,0,0,0,106,2231,0,0,0,427,0,0,0,0,0,0,0,1088,0,0,0,0,0,0
H28020,0,0,0,0,0,2,50,0,10653,0,0,0,0,0,140,0,230,0,0,0,0,503,8309,0,0,0,1999,0,0,0,0,0,2,4,13109,0,0,0,0,0,0
H27096,0,0,0,0,0,128,520,0,6265,0,0,0,0,0,0,0,0,1,0,0,0,3082,12197,0,0,0,5354,0,0,0,0,0,8,0,605,0,0,0,0,0,1
H18199,0,0,0,0,0,0,112,0,7198,0,0,0,0,0,5,0,7,0,0,0,0,645,4639,0,2,0,1934,0,19,0,0,0,0,0,74,0,0,0,0,0,0
H30932,0,0,0,0,0,16,161,0,5941,0,0,0,0,0,6,0,0,0,0,0,0,2661,11621,0,0,0,90,0,0,0,0,0,1,4,3564,0,0,0,0,2,0
H25791,0,0,0,0,0,2,18,0,7820,0,0,0,0,0,0,0,2,0,0,0,0,396,8867,0,0,0,2603,0,0,0,0,0,2,11,317,0,0,0,0,3,0
H21545,0,0,0,0,0,18,113,0,8433,0,0,0,0,0,507,0,80,0,0,0,0,270,5387,0,0,0,282,0,0,0,0,0,4,1,435,0,0,0,0,0,0
H25760,0,0,0,0,0,11,328,0,10622,0,0,0,0,0,1,0,17,0,0,0,0,1030,7333,0,0,0,160,0,0,0,0,0,2,2,4769,0,0,0,0,0,0
H27915,0,0,0,0,0,3,77,0,10179,0,0,0,0,0,0,0,23,0,0,0,0,145,5626,0,0,0,225,0,0,0,0,0,0,0,27,0,0,0,0,0,0
H26773,0,0,0,0,0,9,96,0,10296,0,0,0,0,0,0,0,4,0,0,0,0,592,3211,0,0,0,2186,0,0,0,0,0,1,0,155,0,0,0,0,0,0
H27109,0,0,0,0,0,1,138,0,9174,0,0,0,0,0,0,0,28,0,0,0,0,413,11310,0,0,0,2764,0,0,0,0,0,0,1,2182,0,0,0,0,5,0
H26893,0,0,0,0,0,11,3,0,8711,0,0,0,0,0,0,0,36,0,0,0,0,168,3175,0,0,0,2296,0,0,0,0,0,0,0,5833,0,0,0,0,0,0
H25780,0,0,0,0,0,2,153,0,7047,0,0,0,0,0,43,0,9,0,0,0,0,268,5370,0,0,0,950,0,0,0,0,0,0,0,4719,0,0,0,0,0,0
H26699,0,0,0,0,0,9,210,0,386,0,0,4,0,0,0,0,11,0,0,0,0,241,6135,0,0,0,2543,0,0,0,0,0,0,0,1388,0,0,0,0,4,0
H27401,0,0,0,0,0,6,169,0,3421,0,0,0,0,0,21,0,11,0,0,0,0,1133,18476,0,0,0,412,0,0,0,0,0,12,2,157,0,0,0,0,0,0
H18155,0,0,0,0,0,10,550,0,2932,0,0,0,0,0,6,0,1,0,0,0,0,1618,5384,0,0,0,23,0,0,0,0,0,3,0,84,0,0,0,0,0,0
H18382,0,0,0,0,0,11,208,0,6175,0,0,0,0,0,0,0,494,0,0,0,0,126,3759,0,0,0,2681,0,4,0,0,0,2,2,677,0,0,0,0,0,0
H32773,0,0,0,0,0,27,687,0,6030,0,0,0,0,0,0,0,60,0,0,0,0,1053,4334,0,0,0,3238,0,0,0,0,0,1,0,3056,0,0,0,0,0,1
H18360,0,0,0,0,0,7,49,0,6180,0,0,0,0,0,13,0,222,0,0,0,0,482,2738,1,0,0,627,0,0,0,0,0,1,0,208,0,0,0,0,0,0
H27198,0,0,0,0,0,4,45,0,7637,0,0,0,0,0,35,0,3,0,0,0,0,832,10891,10,0,0,1589,0,0,0,0,0,1,0,796,31,0,1,0,2,0
H18255,0,0,0,0,0,3,194,0,5983,0,0,19,0,0,105,0,85,0,0,0,0,506,8717,0,0,0,1335,0,0,0,0,0,0,0,861,0,0,0,0,1,0
H26090,0,0,1,0,0,8,253,0,2173,0,0,0,0,0,0,0,0,0,0,0,0,336,6052,0,0,0,3855,0,1,0,0,0,0,0,39,0,0,0,0,0,1
H26107,0,0,0,0,0,31,914,0,3618,0,0,0,0,0,0,0,41,0,0,0,0,1853,9489,0,0,0,3266,0,0,0,0,0,0,0,1594,0,0,0,0,0,0
H18302,0,0,0,0,0,17,1213,0,2722,0,0,0,0,0,0,0,85,0,0,0,0,1328,7302,0,0,0,329,0,0,0,0,0,0,0,117,0,0,0,0,0,0
H21521,0,0,0,0,0,7,45,0,1916,0,0,0,0,0,107,0,2,0,0,0,1,148,1892,0,0,0,42,0,0,0,0,0,0,0,1602,0,0,0,0,1,1
H25804,0,0,0,0,0,2,264,0,4556,0,0,0,0,0,0,0,7,0,0,0,0,942,6382,0,0,0,722,0,0,0,0,0,0,0,148,0,0,0,0,8,1
H21565,0,0,0,0,0,10,252,0,7449,0,0,1,0,0,4,0,4,0,0,0,0,508,8383,0,0,0,1255,0,0,0,0,0,7,0,591,0,0,0,0,0,0
H26004,0,0,0,0,0,17,567,0,12719,0,0,0,0,0,0,0,110,0,0,0,0,2360,5934,0,0,0,334,0,0,0,0,0,15,0,11855,0,0,0,0,0,0
H26037,0,0,0,0,0,14,1342,0,3054,0,0,0,0,0,0,0,165,0,0,0,0,527,6373,0,0,0,4571,0,0,0,0,0,6,0,351,0,0,0,0,0,0
H18188,0,0,0,0,0,5,44,0,3725,0,0,0,0,0,0,0,28,0,0,0,0,66,5073,1,0,0,825,0,0,0,0,0,0,4,576,0,0,0,0,2,0
H27133,0,0,0,0,0,0,74,0,9260,0,0,0,0,0,129,0,80,0,0,0,0,441,6475,10,0,0,429,0,0,0,0,0,0,0,5851,0,0,0,0,0,1
H18224,0,0,0,0,0,3,268,0,8572,0,0,0,0,0,87,0,3,0,0,0,0,1081,9039,1,0,0,229,0,0,0,0,0,10,0,56,0,0,0,0,0,0
H18271,0,0,0,0,0,18,1761,0,5780,0,0,0,0,0,0,0,200,0,0,0,0,2231,10685,14,4,0,326,0,0,0,0,0,7,0,315,0,0,0,0,1,0
H26718,0,0,0,0,0,1,115,0,5454,0,0,0,0,0,0,0,7,0,0,0,0,110,5628,0,0,0,932,0,0,0,0,0,0,1,63,0,0,0,0,1,0
H27316,0,0,0,0,0,0,15,0,970,0,0,0,0,0,1,0,31,0,0,0,0,433,10675,0,0,0,4288,0,2,0,0,0,4,0,14844,0,0,0,0,0,0
H26878,0,0,0,0,0,76,87,0,5189,0,0,0,0,0,0,0,14,0,0,0,0,924,6995,0,0,0,262,0,0,0,0,0,0,0,565,0,0,0,0,0,0
H25996,0,0,0,0,0,10,633,0,10045,0,0,0,0,0,3,0,168,0,0,0,0,245,10758,0,0,0,4813,0,0,0,0,0,1,0,7046,0,0,0,0,0,1
H18249,0,0,0,0,0,83,697,0,6949,0,0,0,0,0,0,0,5,0,0,0,0,962,8584,0,0,0,349,0,0,0,0,0,23,4,1715,0,0,0,0,0,0
H27386,0,0,0,0,0,11,95,0,4036,0,0,0,0,0,0,0,36,0,0,0,0,696,13550,0,0,0,10623,0,0,0,0,0,0,0,1259,0,0,0,0,0,0
H25841,0,0,0,0,0,3,523,0,8048,0,0,0,0,0,0,0,0,0,0,0,0,38,4486,0,0,0,2059,0,0,0,0,0,1,0,67,0,0,0,0,0,0
H27216,0,0,0,0,0,3,132,0,15812,0,0,0,0,0,0,0,0,0,0,0,0,396,8107,0,0,0,3109,0,0,1,0,0,33,1,3982,0,0,0,0,0,0
H26827,0,0,0,0,0,4,532,0,2670,0,0,0,0,0,116,0,1,0,0,0,0,343,4953,0,0,0,531,0,0,0,0,0,0,1,127,0,0,0,0,0,1
H26854,0,0,0,0,0,0,37,0,5555,0,2,0,0,0,205,0,19,0,0,0,0,1626,3450,3,0,0,56,0,0,0,0,0,0,1,847,0,0,0,0,0,0
H18328,0,0,0,0,0,3,28,0,7132,0,0,0,0,0,20,0,0,0,0,0,0,43,2925,7,0,0,579,0,0,0,0,0,0,0,486,0,0,0,0,0,0
H27103,0,0,0,0,0,21,17,0,10284,0,0,4,0,0,0,0,581,0,0,0,0,123,12687,0,0,0,72,0,0,0,0,0,0,0,1205,0,0,0,0,0,0
H26061,0,0,0,0,0,7,74,0,7047,0,0,0,0,0,1,0,0,0,0,0,0,209,2566,0,0,0,26,0,0,0,0,0,0,0,2454,0,0,0,0,5,0
H27384,0,0,0,0,0,9,384,0,6862,0,0,0,0,0,195,0,41,0,0,0,0,2332,9268,0,0,0,4759,0,0,0,0,0,0,1,1063,111,0,0,0,0,0
H26840,0,0,0,0,0,10,50,0,4628,0,0,0,0,0,0,0,6,0,0,0,0,195,2186,0,0,0,1317,0,3,0,0,0,1,0,399,0,0,0,0,0,1
H27279,0,0,0,0,0,7,293,0,1560,0,0,0,0,0,0,0,7,0,0,0,0,162,19476,1,0,0,5735,0,0,15,0,5,8,0,3155,0,0,0,0,0,0
H25989,0,0,0,0,0,2,147,0,10896,0,0,1,0,0,639,0,49,0,0,0,0,540,5448,2,0,0,674,2,0,0,0,0,0,0,2919,0,0,0,0,0,0
H27246,0,0,0,0,0,13,110,0,7216,0,0,0,0,0,0,0,2928,0,0,0,0,576,6261,0,0,0,834,0,0,0,0,0,13,0,4240,0,0,0,0,0,0
H27423,0,0,0,0,0,5,45,0,15316,0,0,0,0,0,0,0,42,0,0,0,0,311,10331,0,0,0,1182,0,0,0,0,0,7,0,138,0,0,0,0,0,0
H18277,0,0,0,0,0,20,201,0,2595,0,0,0,0,0,2,0,31,0,0,0,0,422,10701,0,0,0,2035,0,2,0,0,0,0,0,10,0,0,0,0,0,0
H18177,0,0,0,0,0,7,429,0,5954,0,0,1,0,0,14,0,15,0,0,0,0,665,7625,0,0,0,843,0,0,0,0,0,13,1,325,0,0,0,0,0,0
H31020,0,0,0,0,0,18,688,0,9838,0,0,0,0,0,0,0,203,0,0,0,0,782,5914,0,0,0,598,0,1,0,0,0,3,0,221,0,0,0,0,0,0
H26947,0,0,0,0,0,4,34,0,8834,0,0,9,0,0,0,0,13,0,0,0,0,64,5894,0,0,0,2473,0,0,0,0,0,0,0,1752,0,0,0,0,0,0
H26886,0,0,0,0,0,14,6,0,7643,0,0,0,0,0,0,0,0,0,0,0,0,84,2329,0,0,0,634,0,5,0,0,0,0,4,864,0,0,0,0,0,0
H18114,0,0,0,0,0,33,577,0,11565,0,0,0,0,0,0,0,2,0,0,0,0,1229,5091,0,0,0,2697,0,6,0,0,0,0,0,1655,0,0,0,0,0,0
H21547,0,0,0,0,0,5,420,0,5803,0,0,2,0,0,0,0,7,0,0,0,0,836,5397,0,0,0,21,0,0,0,0,0,2,1,115,0,0,0,0,0,0
H28001,0,0,0,0,0,12,379,0,12702,0,0,0,0,0,0,0,0,0,0,0,0,917,12214,0,0,0,591,0,0,0,0,0,0,0,2293,0,0,0,0,0,0
H18118,0,0,0,0,0,14,998,0,3838,0,1,0,0,0,14,0,9,0,0,0,0,1772,8678,0,0,0,24,0,3,0,0,0,0,1,466,0,0,0,0,0,0
H26785,0,0,0,0,8,14,673,0,555,0,0,0,0,0,0,0,15,0,0,0,0,182,5746,0,0,0,3732,0,0,8,0,0,9,0,296,0,0,0,0,0,0
H26103,0,0,0,0,0,42,622,0,5246,0,0,0,0,0,0,0,0,0,0,0,0,823,6583,0,0,0,128,0,0,0,0,0,7,3,1553,0,0,0,0,0,0
H26685,0,0,0,0,0,8,44,0,7472,0,0,13,0,0,0,0,24,5,0,0,0,51,3492,0,0,0,796,0,0,0,0,0,0,0,1230,0,0,0,0,0,0
H26003,0,0,0,0,0,5,66,0,10422,0,0,1,0,0,282,0,88,0,0,0,0,112,8870,0,0,0,2792,0,0,0,0,0,0,0,151,73,0,0,0,0,0
H26060,0,0,0,0,0,5,209,0,3639,0,0,0,0,0,0,0,0,0,0,0,0,76,4063,0,0,0,3069,0,0,0,0,0,0,0,774,0,0,1,0,14,0
H32821,0,0,0,0,0,1,72,0,15658,0,0,0,0,0,26,0,57,0,0,0,0,695,5605,8,0,0,441,0,0,0,0,0,1,0,39,0,0,0,0,0,0
H26757,0,0,0,0,0,8,107,0,4360,0,0,0,0,0,8,0,12,0,0,0,0,264,6437,2,0,0,1477,0,0,0,0,0,3,0,1259,0,0,0,0,0,0
H26949,0,0,0,0,0,5,205,0,8175,0,0,0,0,0,0,0,2,0,0,0,0,514,6302,0,0,0,1355,0,0,0,0,0,0,0,525,0,0,0,0,0,0
H27138,0,0,0,0,0,2,40,0,11155,0,0,0,0,0,0,0,9,0,0,0,0,218,7435,0,1,0,5886,0,0,0,0,0,0,2,80,0,0,0,0,4,0
H18203,0,0,0,0,0,5,125,0,7779,0,0,0,0,0,3,0,127,0,0,0,0,323,8115,0,2,0,1733,0,2,0,0,0,3,0,143,0,0,0,0,0,0
H18236,0,0,0,0,0,2,69,0,10778,0,0,0,0,0,31,0,62,0,0,0,0,1090,8083,9,0,0,159,3,0,0,0,0,0,0,414,0,0,0,0,0,0
H31083,0,0,0,0,0,0,792,0,7182,0,0,0,0,0,0,0,0,0,0,0,0,1006,7997,0,0,0,753,0,0,0,0,0,1,0,343,0,0,0,0,0,0
H27145,0,0,0,0,0,3,80,0,6595,0,0,0,0,0,0,0,16,0,0,0,0,865,9178,0,0,0,128,2,0,0,0,0,0,2,172,0,0,0,0,1,0
H27155,0,0,0,0,0,2,133,0,14845,0,0,5,0,0,0,0,386,0,0,0,0,312,6629,0,0,0,161,0,0,0,0,0,0,0,3804,0,0,0,0,0,0
H26845,0,0,0,0,0,8,118,0,4498,0,0,0,0,0,0,0,0,0,0,0,0,88,4038,0,0,0,2274,0,0,0,0,0,0,0,1249,0,0,0,0,0,0
H25959,0,0,0,0,0,13,873,0,3982,0,0,0,0,0,0,0,103,0,0,0,0,1878,10283,10,0,0,61,0,0,0,0,0,0,0,7973,0,0,0,0,0,0
H18390,0,0,0,0,0,4,315,0,9455,0,0,0,0,0,0,0,0,0,0,0,0,813,7197,0,0,0,1759,0,0,0,0,0,1,0,108,0,0,0,0,0,0
H27147,0,0,0,0,0,12,466,0,16185,0,0,0,0,0,3,0,414,0,0,0,0,2175,9606,0,1,0,1144,0,0,0,0,0,0,0,24,0,0,0,0,0,1
H18334,0,0,0,0,0,5,8,0,5211,0,0,0,0,0,2,0,311,0,0,0,0,227,4352,0,0,0,134,0,1,0,0,0,1,0,2668,0,0,0,0,0,0
H18368,0,0,0,0,0,1,412,0,2287,0,0,26,0,0,33,0,55,0,0,0,0,993,7158,2,0,0,1155,2,3,0,0,0,1,0,84,0,0,0,0,0,0
H27274,0,0,0,5,0,1,807,0,11275,0,0,4,0,0,0,0,12,0,0,0,0,272,11408,0,0,0,707,0,0,0,0,0,0,0,1469,0,0,0,0,0,1
H18370,0,0,0,0,0,1,46,0,7190,0,0,0,0,0,27,0,8,0,0,0,0,222,5637,0,0,0,1729,0,2,0,0,0,0,0,788,0,0,0,0,1,0
H26075,0,0,0,0,0,4,110,0,6553,0,0,0,0,0,0,0,10,0,0,0,0,198,3685,0,3,0,3224,0,2,0,0,0,1,0,7637,0,0,0,0,3,0
H26926,0,0,0,0,0,0,19,0,5626,0,0,2,0,0,0,0,56,0,0,0,0,177,3516,0,0,0,235,0,0,0,0,0,0,0,944,0,0,0,0,2,0
H27077,0,0,0,0,0,0,101,0,14793,0,0,0,0,0,103,0,178,0,0,0,0,836,8326,0,0,0,1970,0,0,0,0,0,0,0,4101,0,0,0,0,3,0
H18254,0,0,0,0,0,14,1192,0,5812,0,0,0,0,0,41,0,0,0,0,0,0,1019,11480,0,0,0,593,0,0,0,0,0,0,0,1795,0,0,0,0,0,0
H26732,0,0,0,0,0,1,58,0,2570,0,1,0,0,0,6,0,56,0,0,0,0,899,6828,0,0,0,2257,0,0,0,0,0,0,0,184,0,0,0,0,0,0
H27420,0,0,0,0,0,6,112,0,1845,0,0,0,0,0,0,0,21,0,0,0,0,283,7189,0,0,0,11820,0,0,0,0,0,0,0,79,0,0,0,0,0,0
H27369,0,0,0,0,0,4,187,0,11200,0,0,0,0,0,3,0,102,0,0,0,0,2952,11883,4,0,0,790,2,0,0,0,0,0,0,867,16,0,0,0,0,0
H27436,0,0,0,0,0,4,126,0,5163,0,0,0,0,0,0,0,102,0,0,0,0,1242,11674,3,0,0,4186,13,0,0,0,0,0,0,118,0,0,0,0,0,0
H26705,0,0,0,0,0,1,8,0,1924,0,0,0,0,0,9,0,7,0,0,0,0,1790,6327,0,1,0,586,2,0,0,0,0,0,0,29,0,0,0,0,0,0
H25995,0,0,0,0,0,57,288,0,6870,0,0,0,0,0,0,0,0,0,0,0,0,8065,22065,0,0,0,363,0,0,0,0,0,30,0,2105,0,0,0,0,0,0
H28016,0,0,0,0,0,24,1240,0,4811,0,0,0,0,0,139,0,0,0,0,0,0,795,15730,2,0,0,749,0,0,0,0,0,0,0,3009,0,0,0,0,0,0
H26026,0,0,0,0,0,17,552,0,1582,0,0,0,0,0,2,0,0,0,0,0,0,1251,5767,0,0,0,4786,0,0,0,0,0,0,2,68,0,0,0,0,0,0
H26065,0,0,0,0,0,19,518,0,5637,0,0,0,0,0,29,0,24,0,0,0,0,1157,6611,0,0,0,90,0,0,0,0,0,14,0,125,0,0,0,0,0,0
H30950,0,0,0,0,4,61,1124,0,1160,0,0,0,0,0,90,0,3,0,0,0,0,2317,16504,0,0,0,24,0,0,0,0,0,50,2,1890,0,0,0,0,0,0
H26759,0,0,0,0,0,24,1297,0,381,0,0,0,0,0,0,0,0,0,0,0,0,4171,3621,0,0,0,495,0,4,0,0,0,0,4,4103,0,0,0,0,0,1
H27221,0,0,0,0,0,5,86,0,8437,0,0,0,0,0,0,0,112,0,0,0,0,529,6478,2,1,0,2199,0,0,0,0,0,0,0,462,0,0,0,0,2,0
H26048,0,0,0,0,0,63,664,0,7429,0,0,0,0,0,0,0,3,0,0,0,0,532,6541,0,3,0,895,0,0,0,0,0,4,1,1331,0,0,0,0,0,1
H27105,0,0,0,0,0,0,5,0,8642,0,0,0,0,0,0,0,189,0,0,0,0,122,4881,0,0,0,2807,0,0,0,0,0,0,0,2251,0,0,0,0,2,0
H26709,0,0,0,0,0,1,11,0,5381,0,0,6,0,0,6,0,17,0,0,0,0,950,3127,5,0,0,425,0,0,0,0,0,0,1,367,0,0,0,0,1,0
H26834,0,0,0,0,0,2,418,0,122,0,0,0,0,0,0,0,0,0,0,0,0,508,8761,0,0,0,450,0,0,0,0,0,0,0,1790,0,0,0,0,0,0
H27244,0,0,0,0,0,16,103,0,6285,0,0,0,0,0,25,0,31,0,0,0,0,1091,8872,0,0,0,607,0,0,0,0,0,0,1,74,0,0,0,0,0,0
H25740,0,0,0,0,0,7,78,0,4888,0,0,4,0,0,3,0,22,0,0,0,0,339,5237,3,0,0,394,0,0,0,0,0,0,0,6119,0,0,0,0,6,0
H26725,0,0,0,0,0,6,218,0,3392,0,0,0,0,0,0,0,0,0,0,0,0,2197,7563,0,0,0,511,0,0,0,0,0,22,0,131,0,0,0,0,0,0
H18308,0,0,0,0,0,4,546,0,3506,0,0,0,0,0,18,0,25,0,0,0,0,157,7567,0,0,0,1009,0,0,0,0,0,1,0,5567,0,0,0,0,0,1
H18161,0,0,0,0,0,4,281,0,3284,0,0,3,0,0,0,0,2,0,0,0,0,274,3577,4,0,0,205,0,1,0,0,0,0,0,2255,0,0,0,0,0,0
H27197,0,0,0,0,0,10,156,0,7231,0,0,0,0,0,32,0,13,0,0,0,0,2599,8211,9,0,0,1357,1,0,0,0,0,0,0,405,0,0,0,0,0,1
H27144,0,0,0,0,0,16,59,0,10710,0,0,0,0,0,0,0,3,0,0,0,0,459,7583,0,0,0,4377,0,0,0,0,0,0,0,9226,0,0,0,0,0,0
H27158,0,0,0,0,0,1,6,0,18408,0,0,0,0,0,374,0,242,0,0,0,0,125,9645,6,0,0,1189,0,0,0,0,0,0,0,1469,0,0,0,0,1,0
H26706,0,0,0,0,0,1,320,0,8134,0,0,0,0,0,28,0,12,0,0,0,0,1145,4165,5,0,0,263,0,8,0,0,0,0,1,246,0,0,0,0,1,0
H26839,0,0,0,0,0,0,54,0,4826,0,0,4,0,0,0,0,0,0,0,0,0,153,1810,0,0,0,413,0,0,0,0,0,3,0,4866,0,0,0,0,0,0
H21544,0,0,0,0,0,0,3,0,5737,0,0,0,0,0,0,0,0,0,0,0,0,1200,5702,0,0,0,4855,0,0,0,0,0,6,0,167,0,0,0,0,0,0
H27375,0,0,0,0,0,5,816,0,15429,0,0,0,0,0,0,0,4,0,0,0,0,195,15150,0,0,0,554,0,0,0,0,0,2,0,4564,0,0,0,0,0,0
H25898,0,0,0,0,1,7,135,0,9619,0,0,0,0,0,0,0,50,0,0,0,0,178,8018,16,0,0,111,10,6,0,0,0,0,3,806,0,0,0,0,0,0
H27908,0,0,0,0,0,16,87,0,5117,0,0,0,0,0,9,0,14,0,0,4,0,2202,12549,0,0,0,5557,0,37,0,0,0,0,0,205,0,0,0,0,0,0
H18099,0,0,0,0,0,24,148,0,2929,0,0,0,0,0,0,0,119,0,0,0,0,362,6513,5,0,0,1369,0,0,0,0,0,0,0,3377,0,0,0,0,0,0
H26846,0,0,0,0,0,3,13,0,6661,0,0,0,0,0,4,0,65,0,0,0,0,92,2658,3,0,0,466,0,0,0,0,0,0,0,5854,0,0,0,0,0,0
H26031,0,0,0,0,0,16,961,0,5566,0,0,0,0,0,7,0,13,0,0,0,0,721,8486,0,0,0,880,0,0,0,0,0,0,0,630,0,0,0,0,0,0
H27973,0,0,0,0,0,4,758,0,2986,0,0,0,0,0,0,0,2,0,0,0,0,1466,5786,0,0,0,2460,0,0,0,0,0,3,0,82,0,0,0,0,0,1
H27188,0,0,0,0,0,6,111,0,6908,0,0,0,0,0,0,0,4,0,0,0,0,1150,4658,0,0,0,3983,0,0,0,0,0,0,0,2536,0,0,0,0,0,1
H18166,0,0,0,0,0,4,326,0,6941,0,0,0,0,0,0,0,3,0,0,0,0,414,4740,0,0,0,638,0,0,0,0,0,3,0,7164,0,0,0,0,0,0
H25947,0,0,0,0,0,0,703,0,8541,0,0,0,0,0,4,0,17,0,0,0,0,373,9903,3,0,0,76,0,0,0,0,0,0,0,310,0,0,10,0,0,1
H27399,0,0,0,0,0,0,172,0,10704,0,0,2,0,0,0,0,13,0,0,0,0,1339,11815,0,0,0,373,0,0,0,0,0,0,0,43,0,0,0,0,0,0
H27933,0,0,0,0,0,12,13,0,293,0,0,0,0,4,0,0,0,0,0,0,0,1949,5357,0,0,0,1364,0,0,0,0,0,2,29,5254,0,0,0,0,0,1
H25971,0,0,0,0,0,23,1109,0,13972,0,0,2,0,0,0,0,34,0,0,0,0,2047,10191,0,0,0,40,0,10,0,0,0,12,0,5701,0,0,0,0,0,0
H27193,0,0,0,0,0,3,1,0,16024,0,0,0,0,0,0,0,0,0,0,0,0,138,4460,0,0,0,1680,0,0,0,0,0,0,0,5272,0,0,0,0,0,1
H27218,0,0,0,0,0,4,89,0,8202,0,0,0,0,0,0,0,194,0,0,0,0,640,6442,0,0,0,1213,0,0,0,0,0,3,0,5378,0,0,0,0,0,0
H25883,0,0,0,0,0,19,101,0,7611,0,0,0,0,0,0,0,135,0,0,0,0,704,9588,0,0,0,10391,0,0,0,0,0,6,4,200,0,0,0,0,0,0
H18369,0,0,0,0,0,4,184,0,2710,0,0,0,0,0,0,0,5,0,0,0,0,229,3684,11,0,0,1943,0,0,0,0,0,0,6,206,0,0,0,0,3,0
H21542,0,0,0,0,0,13,65,0,11314,0,0,4,0,0,18,0,34,0,0,0,0,661,14490,2,0,0,671,0,12,0,0,0,1,0,540,0,0,0,0,0,0
H27176,0,0,0,0,0,1,281,0,16540,0,0,0,0,0,0,0,63,0,0,0,0,389,5712,0,0,0,582,0,0,0,0,0,0,0,1953,0,0,0,0,0,0
H18371,0,0,0,0,0,3,42,0,6962,0,0,0,0,0,0,0,0,0,0,0,0,1250,8869,0,0,0,3548,0,0,0,0,0,0,0,186,0,0,0,0,0,0
H18189,0,0,0,0,0,13,1140,0,3130,0,0,0,0,0,0,0,68,0,0,0,0,415,5761,0,0,0,637,0,0,0,0,0,10,0,68,0,0,0,0,0,0
H26715,0,0,0,0,0,2,22,0,4254,0,0,0,0,0,1,0,13,0,0,0,0,78,3746,0,0,0,627,0,0,0,0,0,0,0,2698,0,0,0,0,0,0
H25987,0,0,0,0,0,15,315,0,4452,0,0,0,0,0,0,0,14,0,0,0,0,2369,5721,0,0,0,105,0,0,0,0,0,0,0,1818,0,0,0,0,2,0
H18213,0,0,0,0,0,11,410,0,3162,0,0,0,0,0,0,0,62,0,0,0,0,2084,6275,0,1,0,274,0,0,0,0,0,3,0,194,0,0,0,0,0,0
H31150,0,0,0,0,0,7,586,0,10549,0,0,0,0,0,0,0,0,0,0,0,0,362,8102,0,3,0,209,0,0,0,0,0,2,0,288,0,0,0,0,3,0
H18335,0,0,0,0,0,16,124,0,1061,0,0,0,0,0,0,0,4,0,0,0,0,672,12850,0,0,0,4966,0,0,0,0,0,0,2,319,0,0,0,0,0,0
H26942,0,0,0,0,0,1,34,0,5085,0,0,1,0,0,0,0,0,0,0,0,0,36,3511,0,0,0,2446,0,0,0,0,0,2,0,146,0,0,0,0,1,1
H27931,0,0,0,0,0,3,24,0,9657,0,0,0,0,0,0,0,66,0,0,0,0,1242,5054,0,0,0,1441,0,0,1,0,0,0,0,8420,0,0,0,0,0,0
H27320,5,0,15,0,0,1,90,0,2798,0,0,23,0,0,0,0,0,0,0,0,0,1745,18473,0,0,0,715,0,0,0,0,0,6,1,228,0,0,0,0,0,0
H27117,0,0,0,0,0,8,625,0,4122,0,0,0,0,0,0,0,2,0,0,0,0,561,18102,0,1,0,367,0,4,0,0,0,0,0,1219,0,0,0,0,0,0
H31090,0,0,0,0,0,3,666,0,12653,0,0,3,0,0,0,0,105,0,0,0,0,5247,6599,29,0,0,345,0,0,0,0,0,1,0,607,0,0,0,0,5,1
H26603,0,0,0,0,0,3,223,0,3162,0,0,0,0,0,0,0,9,0,0,0,0,25,3527,0,0,0,48,0,0,0,0,0,0,0,1264,0,0,0,0,0,0
H26590,0,0,0,0,0,5,303,0,4642,0,0,0,0,0,0,0,38,0,0,0,0,998,1915,0,0,0,66,0,0,0,0,0,0,0,1793,0,0,0,0,0,0
H26016,0,0,0,0,0,4,81,0,7199,0,0,0,0,0,0,0,6,0,0,0,0,185,6913,0,0,0,145,0,0,0,0,0,0,4,1870,0,0,0,0,0,0
H27093,0,0,0,0,2,45,98,0,2861,0,0,0,0,0,4,0,27,0,0,0,0,3365,19665,0,0,0,5131,0,0,0,0,0,4,0,4226,0,0,0,0,0,0
H27081,0,0,0,0,0,2,71,0,13496,0,0,0,0,0,251,0,164,0,0,0,0,205,3107,2,0,0,1562,0,7,0,0,0,1,6,1550,0,0,0,0,0,0
H25807,0,0,0,0,0,8,511,0,7467,0,0,2,0,0,0,0,59,0,0,0,0,153,6702,4,0,0,635,0,0,0,0,0,1,0,1520,0,0,0,0,0,0
H27380,0,0,0,0,0,1,213,0,4655,0,0,0,0,0,3,0,39,0,0,0,0,373,11816,0,0,0,2708,0,6,0,0,0,0,0,3022,0,0,0,0,0,1
H18356,0,83,0,0,0,155,482,0,3143,0,0,0,7,0,43,0,63,0,0,0,0,849,6111,0,2,0,111,0,0,0,0,0,0,0,210,0,0,0,0,0,0
H26055,0,0,0,0,0,13,164,0,3762,0,0,0,0,0,0,0,0,0,0,0,0,267,8549,0,0,0,2392,0,0,0,0,0,0,0,7291,0,0,0,0,0,1
H18262,0,0,0,0,0,6,707,0,13058,0,0,0,0,0,0,0,32,0,0,0,0,330,8849,0,0,0,184,0,0,0,0,0,1,0,329,0,0,0,0,0,0
H26028,0,0,0,0,0,0,327,0,7582,0,0,0,0,0,0,0,1,0,0,0,0,63,6790,0,0,0,25,0,0,0,0,0,0,0,25,0,0,0,0,0,0
H27289,0,0,0,0,0,7,523,0,7901,0,0,0,0,0,13,0,0,0,0,0,0,1178,16448,0,0,0,3901,0,2,0,0,0,18,0,54,0,0,0,0,0,0
H26898,0,0,0,0,0,4,4,0,6188,0,0,2,0,0,4,0,266,0,0,0,0,88,4504,0,0,0,230,0,0,0,0,0,0,0,857,0,0,0,0,0,0
H26697,0,0,0,0,0,8,126,0,5868,0,0,1,0,0,3,0,0,0,0,0,0,479,7653,0,3,0,8,0,0,0,0,0,0,0,1682,0,0,0,0,0,0
H21533,0,0,0,0,0,1,34,0,1889,0,0,0,0,0,24,0,59,0,0,0,0,630,3499,2,0,0,28,1,0,0,0,0,0,0,567,0,0,0,0,2,0
H27128,0,0,0,0,0,19,154,0,10357,0,0,0,0,0,0,0,53,0,0,0,0,2038,12867,0,0,0,3819,0,0,0,0,0,0,1,54,0,0,0,0,0,1
H18331,0,0,0,0,0,2,154,0,5878,0,0,0,0,0,14,0,15,0,0,0,0,301,4140,4,0,0,118,0,0,0,0,0,1,0,934,0,0,0,0,1,1
H27264,0,0,0,0,0,2,110,0,13008,0,0,0,0,0,3,0,0,0,0,0,0,472,11237,0,0,0,257,0,0,0,0,0,4,0,408,0,0,0,0,0,0
H27900,0,0,0,0,0,30,124,0,36582,0,0,0,0,0,7,0,1,0,0,0,0,836,8550,0,0,0,1170,0,0,0,0,0,0,0,5608,0,0,0,0,0,1
H26695,0,0,0,0,0,24,28,0,4558,0,0,0,0,0,0,0,0,0,0,0,0,835,11082,0,0,0,5962,0,0,0,0,0,0,0,1048,0,0,0,0,0,0
H25786,0,0,0,0,0,12,304,0,4929,0,0,1,0,0,0,0,140,0,0,0,0,1640,5109,1,0,0,1595,0,1,0,0,0,5,0,339,0,0,0,0,0,0
H27957,0,0,0,0,0,2,305,0,6626,0,5,0,0,0,15,0,10,0,0,0,0,664,11993,0,0,0,444,0,0,6,0,0,0,0,1984,0,0,0,0,0,0
H18330,0,0,0,0,0,3,3,0,461,0,0,13,0,0,0,0,0,0,0,0,0,675,5623,0,0,0,6787,0,0,0,0,0,1,0,12430,0,0,0,0,0,0
H32824,0,0,0,0,0,27,1098,0,1013,0,0,0,0,0,0,0,78,0,0,0,0,4471,7500,0,0,0,6,0,0,0,0,0,0,6,899,0,0,0,0,0,0
H27137,0,0,0,0,0,1,50,0,7113,0,0,0,0,0,0,0,210,0,0,0,0,265,6379,0,0,0,1722,0,0,0,0,0,0,1,315,0,0,0,0,0,0
H25905,0,0,0,0,0,1,107,0,6262,0,0,0,0,0,0,0,288,0,0,0,0,503,8057,0,0,0,8840,0,0,0,0,0,0,0,1029,0,0,0,0,0,0
H25833,0,0,0,0,0,14,181,0,4415,0,0,1,0,0,3,0,6,0,0,0,0,649,6129,0,0,0,359,0,2,0,0,0,0,13,5431,0,0,0,0,0,0
H34095,0,0,0,0,0,16,1034,0,7956,0,0,1,0,0,0,0,0,0,0,0,0,2343,10751,0,0,0,95,0,0,0,0,0,0,0,248,0,0,0,0,0,0
H26591,0,0,0,0,0,0,1,0,3631,0,0,0,0,0,8,0,0,0,0,0,0,285,2893,0,0,0,6,0,0,0,0,0,0,8,1551,0,0,0,0,3,0
H21552,0,0,0,0,0,25,344,0,6042,0,0,0,0,0,0,0,5,0,0,0,0,972,11090,0,1,0,233,0,0,0,0,0,4,0,112,0,0,0,0,1,0
H18266,0,0,0,0,0,1,464,0,15610,0,0,0,0,0,0,0,113,0,0,0,0,677,11093,0,0,0,207,0,0,0,0,0,0,0,11145,0,0,0,0,0,0
H18348,0,0,0,0,0,36,753,0,5143,0,0,0,0,0,0,0,19,0,0,0,0,868,6166,1,0,0,174,0,0,0,0,0,0,0,2910,0,0,0,0,0,1
H26092,0,0,0,0,0,6,78,0,7072,0,0,0,0,0,0,0,76,0,0,0,0,813,3261,0,0,0,824,0,0,0,0,0,0,0,320,0,0,0,0,2,0
H27371,0,0,0,0,0,4,790,0,12259,0,0,0,0,0,0,0,12,0,0,0,0,3701,16859,0,4,0,4644,0,0,0,0,0,4,0,1640,0,0,0,0,0,0
H34166,0,0,0,0,0,7,2387,0,8327,0,0,0,0,0,0,0,1,0,0,0,0,277,7513,0,0,0,3176,0,0,0,0,0,1,2,118,0,0,0,0,1,0
H26571,0,0,0,0,0,2,106,0,4873,0,0,0,0,0,0,0,33,0,0,0,0,183,4407,0,1,0,1628,0,0,0,0,0,1,0,1331,0,0,0,0,0,0
H26001,0,0,0,0,0,44,488,0,7622,0,0,0,0,0,487,0,35,0,0,0,0,899,9318,0,0,0,1305,0,0,0,0,0,0,4,8494,0,0,0,0,0,0
H25974,0,0,0,0,0,4,176,0,10770,0,0,0,0,0,0,0,76,0,0,0,0,383,8122,0,0,0,1196,0,0,0,0,0,5,0,272,0,0,0,0,0,1
H27288,0,0,0,0,0,4,105,0,2247,0,0,0,0,0,0,0,0,0,0,0,0,905,13294,0,0,0,1494,0,0,0,0,0,0,0,123,0,0,0,0,0,0
H32826,0,0,0,0,0,20,840,0,711,0,0,0,0,0,0,0,0,0,0,0,0,3138,6149,0,0,0,21,0,0,2,0,0,1,0,40,0,0,0,0,0,0
H25998,0,0,0,0,0,39,212,0,1870,0,0,0,0,0,0,0,0,0,0,0,0,2074,5619,0,0,0,1088,0,26,0,0,0,0,0,12106,0,0,1,0,0,0
H18372,0,0,0,0,0,3,248,0,11091,0,0,0,0,0,0,0,266,0,0,0,0,285,4346,0,0,0,693,0,0,0,0,0,1,0,498,0,0,0,0,0,0
H25881,0,0,0,0,0,14,229,0,6473,0,0,0,0,0,3,0,0,0,0,0,0,1021,14271,0,0,0,600,0,1,0,0,0,5,3,287,0,0,0,0,0,0
H25803,0,0,0,0,0,15,193,0,9981,0,0,0,0,0,0,0,23,0,0,0,0,177,5597,11,1,0,1166,0,0,0,0,0,0,0,106,0,0,0,0,2,1
H34143,0,0,0,0,0,2,120,0,7979,0,0,1,0,0,3,0,9,0,0,0,0,915,9428,7,0,0,175,0,0,0,0,0,0,0,4691,0,0,0,20,5,0
H18387,0,0,0,0,0,17,654,0,4902,0,0,0,0,0,585,0,565,0,0,0,0,248,9105,0,6,0,58,0,0,0,0,0,0,2,40,0,0,0,0,0,0
H26776,0,0,0,0,0,3,33,0,5688,0,0,0,0,0,2,0,38,0,0,0,0,260,5639,0,0,0,771,0,0,0,0,0,1,0,2011,0,0,0,0,0,0
H26059,0,0,0,0,0,16,581,0,3743,0,0,0,0,0,0,0,26,0,0,0,0,899,6505,0,0,0,1367,0,0,0,0,0,0,0,487,0,0,0,0,1,0
H25992,0,0,0,0,0,3,52,0,5625,0,0,0,0,0,33,0,383,0,0,0,0,533,5935,4,0,0,317,2,0,0,0,0,0,0,103,0,0,0,0,0,0
H27378,0,0,0,0,0,2,68,0,8416,0,0,0,0,0,1,0,0,0,0,0,1,555,14922,0,0,0,3095,0,0,0,0,0,2,38,161,0,0,0,0,0,0
H26587,0,0,0,0,0,12,165,0,2934,0,0,0,0,0,0,0,164,0,0,0,0,231,3602,1,0,0,482,0,0,0,0,0,2,0,1979,0,0,0,0,3,0
H26740,0,0,0,0,0,0,32,0,5080,0,0,0,0,0,0,0,5,0,0,0,0,206,4480,3,0,0,1250,7,0,0,0,0,0,0,27,0,0,0,0,0,0
H27909,0,0,8,0,0,34,267,0,9920,0,0,0,0,0,67,0,64,0,0,0,0,744,10223,0,0,0,503,0,0,0,0,0,0,0,700,4,0,0,0,0,0
H25859,0,0,0,0,0,17,312,0,6291,0,0,3,0,0,0,0,0,0,0,0,0,716,14040,0,1,0,4158,0,23,2,0,0,0,1,7400,0,0,0,0,0,0
H31105,0,0,0,0,0,1,1128,0,6898,0,0,0,0,0,0,0,0,0,0,0,0,562,8629,0,0,0,8336,0,0,0,0,0,0,0,952,0,0,0,0,0,0
H27391,0,0,0,0,0,0,130,0,8815,0,0,0,0,0,0,0,3,0,0,0,0,1328,8579,0,0,0,7126,0,0,0,0,0,0,4,447,0,0,0,0,0,0
H27299,0,0,0,0,0,8,86,0,6743,0,0,0,0,0,0,0,13,0,0,0,0,5123,10423,0,4,0,172,0,0,0,0,0,16,0,100,0,0,0,0,1,0
H27074,0,0,0,0,0,20,224,0,10513,0,0,3,0,0,0,0,97,0,0,0,0,979,8704,0,0,0,1203,0,2,0,0,0,6,0,759,0,0,0,0,0,0
H26862,0,0,0,0,0,3,50,0,5458,0,0,0,0,0,15,0,6,0,0,0,0,472,4054,0,0,0,552,0,0,0,0,0,1,0,627,0,0,0,0,2,0
H25805,0,0,0,0,0,9,392,0,6594,0,0,0,0,0,0,0,19,0,0,0,0,255,9453,0,0,0,1178,0,0,0,0,0,1,0,473,0,0,0,0,0,0
H26858,0,0,0,0,0,20,160,0,5968,0,0,0,0,0,3,0,32,0,0,0,0,305,5772,0,0,0,1526,0,0,0,0,0,0,0,599,0,0,0,0,0,0
H25886,0,0,0,0,0,15,190,0,14661,0,0,95,0,0,16,0,209,0,0,0,0,2022,8990,15,1,0,2381,0,15,0,0,0,0,0,1676,0,0,0,0,0,0
H25792,0,0,0,0,0,8,140,0,8587,0,0,0,0,0,0,0,95,0,0,0,0,1782,7981,14,0,0,2518,0,1,0,0,0,2,0,6821,0,1,0,0,5,0
H27072,0,0,0,0,0,0,126,0,4055,0,0,0,0,0,0,9,61,0,0,0,0,3698,10559,0,0,0,3024,0,0,0,0,0,0,0,7459,0,0,0,0,0,0
H26083,0,0,0,0,0,2,97,0,6068,0,0,0,0,0,32,0,1,0,0,0,0,715,14575,0,2,0,1342,2,0,0,0,0,1,0,109,0,0,0,0,0,0
H31002,0,0,0,0,0,2,167,0,9925,0,0,0,0,0,10,0,103,0,0,0,0,382,8119,0,0,0,283,1,0,0,0,0,0,0,1327,0,0,0,0,0,0
H25983,0,0,0,0,0,4,179,0,5564,0,0,0,0,0,15,0,310,0,0,0,0,861,5697,0,1,0,475,0,0,0,0,0,1,0,349,0,0,0,0,2,0
H25880,0,0,0,0,0,2,66,0,7984,0,0,0,0,0,106,0,154,0,0,0,0,1065,5187,5,0,0,205,4,0,0,0,0,0,1,1415,0,0,0,0,0,0
H26794,0,0,0,0,0,0,364,0,1005,0,2,0,0,0,0,0,6,0,0,0,0,263,6389,0,0,0,5476,0,5,0,0,0,0,0,73,0,0,0,0,0,1
H27125,0,0,0,0,0,9,390,0,7904,0,0,4,0,0,3,0,227,0,0,0,0,1697,13648,52,0,4,669,6,0,0,0,0,0,0,187,0,0,0,0,4,0
H25789,0,0,0,0,0,11,179,0,2056,0,0,0,0,0,139,0,64,0,0,0,0,867,11156,5,0,0,3319,0,0,0,0,0,3,0,13469,0,0,0,0,0,1
H25939,0,0,0,0,0,12,246,0,9731,0,0,0,0,0,0,0,0,0,0,0,0,1362,10438,0,0,0,10801,0,0,0,0,0,8,0,5102,0,0,0,0,0,0
H31038,0,0,0,0,0,19,248,0,13340,0,0,0,0,0,160,0,20,0,0,0,0,418,7739,0,0,0,7715,0,0,0,0,0,0,1,1097,0,0,0,0,0,0
H27179,0,0,0,0,0,6,82,0,7837,0,0,0,0,0,9,0,16,0,0,0,0,2028,11919,0,0,0,1201,0,3,4,0,0,0,2,2091,0,0,0,0,12,0
H18167,0,0,0,0,0,9,234,0,6601,0,0,0,0,0,1,0,177,0,0,0,0,311,3549,0,1,0,1069,0,0,0,0,0,0,2,660,0,0,0,0,0,0
H26624,0,0,0,0,0,8,3,0,4003,0,0,0,0,0,0,0,141,0,0,0,0,45,2342,0,0,0,598,0,0,0,0,0,1,0,80,0,0,0,0,0,0
H21563,0,0,0,0,0,13,224,0,2784,0,0,0,0,0,0,0,6,0,0,0,0,1424,9787,1,0,0,152,1,0,0,0,0,5,0,670,0,0,0,0,0,0
H26742,0,0,0,0,0,2,13,0,8494,4,0,0,0,0,16,0,9,0,0,0,0,225,5858,0,0,0,3833,0,0,0,0,0,2,0,1438,0,0,0,0,0,0
H26005,0,0,0,0,0,3,153,0,10015,0,0,0,0,0,0,0,0,0,0,0,0,672,6864,0,0,0,28,0,0,0,0,0,0,0,10,0,0,0,0,0,0
H27120,0,0,0,0,0,6,254,0,8693,0,0,0,0,0,0,0,80,0,0,0,0,287,10593,0,0,0,4234,0,0,1,0,0,0,0,1199,0,0,0,0,0,0
H26856,0,0,0,0,0,20,123,0,989,0,0,0,0,0,0,0,0,0,0,0,0,10267,8526,0,0,0,116,0,0,0,0,0,7,22,3899,0,0,0,0,0,0
H25900,0,0,0,0,0,5,152,0,13941,0,0,0,0,0,20,0,1,0,0,0,0,517,9590,0,0,0,4453,0,0,0,0,0,1,122,92,0,0,0,0,0,0
H27421,0,0,0,0,0,3,52,0,12350,0,1,0,0,0,78,0,159,0,0,0,0,503,8128,0,0,0,2167,0,0,0,0,0,3,0,129,0,0,0,0,2,0
H26770,0,0,0,0,0,6,28,0,9030,0,0,0,0,0,0,0,30,0,0,0,0,273,3639,0,0,0,1958,0,0,0,0,0,0,0,277,0,0,0,0,0,0
H31050,0,0,0,0,0,35,719,0,14656,0,0,0,0,0,0,0,53,0,0,0,0,629,9943,0,0,0,173,0,0,0,0,0,1,0,186,0,0,0,0,0,0
H27217,0,0,0,0,0,1,30,0,14396,0,0,1,0,0,0,0,821,0,0,0,0,71,4696,0,0,0,1275,0,0,0,0,0,0,0,660,0,0,0,0,0,0
H26800,0,0,0,0,0,2,33,0,4583,0,0,0,0,0,5,0,35,0,0,0,0,1708,5194,0,0,0,15,0,0,0,0,0,0,0,120,0,0,0,0,1,0
H27899,0,0,0,0,0,1,136,0,11807,0,0,0,0,0,0,0,7,0,0,0,0,532,5982,1,0,0,3362,0,0,0,0,0,0,1,101,0,0,0,0,0,0
H26072,0,0,0,0,0,11,820,0,5658,0,0,0,0,0,12,0,60,0,0,0,0,1054,3855,0,0,0,393,0,0,0,0,0,0,0,1030,0,0,0,0,3,0
H18326,0,0,0,0,0,13,652,0,6859,0,0,0,0,0,0,0,11,0,0,0,0,1050,6659,0,0,0,1801,0,0,0,0,0,2,0,18,0,0,0,0,0,0
H27258,0,0,0,0,1,14,751,0,5741,0,0,0,0,0,0,0,3,0,0,0,0,323,15872,0,0,0,5636,0,0,0,0,0,1,0,4168,0,0,0,0,0,0
H27273,0,0,0,0,0,2,49,0,10600,0,0,0,0,0,81,0,84,0,0,0,0,440,12090,0,0,0,5380,0,0,0,0,0,0,0,513,0,1,0,0,0,0
H25777,0,0,0,0,0,3,89,0,7416,0,0,0,0,0,0,0,53,0,0,0,0,249,6266,0,0,0,1298,0,0,0,0,0,0,0,1781,117,0,0,0,2,0
H27991,0,0,0,0,0,1,57,0,2600,0,0,0,0,0,4,0,0,0,0,0,0,291,8305,0,1,0,1720,0,0,0,0,0,0,0,102,0,0,0,0,0,0
H31120,0,0,0,0,0,2,163,0,13761,0,0,0,0,0,0,0,484,0,0,0,0,794,6018,0,0,0,352,0,0,0,0,0,0,0,2838,0,0,0,0,0,0
H26047,0,0,0,0,0,9,180,0,7995,0,0,0,0,0,2,0,297,0,0,0,0,903,7410,7,1,0,1296,3,0,0,0,0,0,0,353,0,0,0,0,1,1
H32772,0,0,0,0,0,3,493,0,11985,0,0,2,0,0,0,0,228,0,0,0,0,579,7169,0,0,0,1461,0,0,0,0,0,0,0,1142,0,0,0,0,2,0
H26693,0,0,0,0,0,9,42,0,5397,0,0,0,0,0,0,0,0,0,0,0,0,788,4116,0,0,0,9934,0,0,0,0,0,3,0,2634,0,0,0,0,0,0
H28999,0,0,0,0,0,164,1028,0,2695,0,0,0,0,0,5,0,36,0,0,0,0,1023,12723,0,0,0,1598,0,0,0,0,0,4,1,1307,0,0,0,0,2,0
H18140,0,0,0,0,0,41,392,0,7245,0,0,2,0,0,19,0,242,0,0,0,0,1068,5152,0,0,0,362,0,0,0,0,0,0,0,949,0,0,0,0,0,0
H26113,0,0,0,0,0,4,92,0,5677,0,0,0,0,0,0,0,143,0,0,0,0,432,7694,0,0,0,893,0,0,0,0,0,0,0,42,0,0,0,0,0,0
H26686,0,0,0,0,0,1,46,0,5173,0,0,4,0,0,0,0,28,0,0,0,0,754,7599,0,3,0,1064,0,0,0,0,0,0,0,1113,0,0,0,0,0,0
H26683,0,0,0,0,0,24,102,0,3992,0,0,0,0,0,0,0,0,0,0,0,0,1335,13288,0,0,0,732,0,0,0,0,0,33,15,96,0,0,0,0,0,0
H27984,0,0,0,0,0,1,99,0,7860,0,0,0,0,0,44,0,4,0,0,0,0,385,6224,0,0,0,230,0,0,0,0,0,0,0,340,0,0,0,0,0,0
H32753,0,0,0,0,0,13,1224,0,5390,0,0,0,0,0,0,0,48,0,0,0,0,2563,9279,0,0,0,3540,0,0,0,0,0,9,0,2627,0,0,0,0,0,1
H27156,0,0,0,0,0,8,26,0,12809,0,0,0,0,0,0,0,764,0,0,0,0,444,1619,0,0,0,4846,0,0,0,0,0,1,0,245,0,0,0,0,0,0
H25909,0,0,0,0,0,4,39,0,11463,0,0,1,0,0,0,0,8,0,0,0,0,216,4023,0,0,0,928,0,0,0,0,0,0,0,2140,0,0,0,0,0,0
H18384,0,0,0,0,0,26,1167,0,8519,0,0,1,0,0,1,0,1,0,0,0,0,298,5950,0,0,0,1859,0,0,0,0,0,0,0,2864,0,0,0,0,10,0
H18349,0,0,0,0,0,0,63,0,6163,0,0,2,0,0,0,0,124,0,0,0,0,265,3223,0,0,0,992,0,0,0,0,0,0,0,330,0,0,0,0,0,0
H18144,0,0,0,0,0,7,223,0,5395,0,0,0,0,0,0,0,2051,0,0,0,0,582,3226,0,0,0,622,0,0,0,0,0,0,0,3268,0,0,0,0,15,0
H26572,0,0,0,0,0,0,1,0,4292,0,0,0,0,0,2,0,52,0,0,0,0,77,1935,0,0,0,888,0,0,0,0,0,0,2,339,0,0,0,0,1,0
H18309,0,0,0,0,0,0,32,0,5086,0,0,27,0,0,1,0,105,0,0,0,0,132,4947,0,0,0,3132,0,0,0,0,0,2,0,4439,0,0,0,0,0,1
H27131,0,0,0,0,0,20,198,0,4502,0,0,0,0,0,1,0,121,0,0,0,0,328,12186,0,2,0,3564,0,0,0,0,0,0,0,3691,0,0,0,0,0,0
H27122,0,0,0,0,0,0,263,0,10113,0,0,0,0,0,0,0,1,0,0,0,0,152,6380,0,0,0,2244,0,0,0,0,0,6,0,327,0,0,0,0,0,1
H31079,0,0,0,0,0,0,134,0,8373,0,0,1,0,0,0,0,6,0,0,0,0,356,4933,13,2,0,580,0,0,0,0,0,0,2,621,0,0,0,0,1,0
H27071,0,0,0,0,0,5,360,0,12264,0,0,0,0,0,73,0,1,0,0,0,0,1552,15363,0,0,0,4895,0,0,7,0,0,48,0,834,0,0,0,0,0,0
H18157,0,0,0,0,0,4,163,0,6340,0,0,1,0,0,0,0,0,0,0,0,0,288,3345,0,0,0,298,0,0,0,0,0,0,0,120,0,0,0,0,0,0
H25852,0,0,0,0,0,2,312,0,5320,0,0,0,0,0,1,0,24,0,0,0,0,350,7411,0,0,0,837,0,0,0,0,0,1,0,26,0,0,0,0,0,0
H25794,0,0,0,0,0,48,337,0,7388,0,0,3,0,0,6,0,6,0,0,0,0,987,6737,0,0,0,583,0,1,0,0,0,3,1,1799,0,0,0,0,0,0
H26625,0,0,0,0,0,1,18,0,4227,0,0,0,0,0,18,0,0,0,0,0,0,114,2873,0,0,0,373,0,0,0,0,0,0,0,395,0,0,0,0,0,0
H25963,0,0,0,0,0,6,206,0,9554,0,0,0,0,0,17,0,29,0,0,0,1,1166,12683,10,0,0,586,11,0,0,0,0,1,0,387,0,0,0,0,1,0
H27318,0,0,0,0,0,3,297,0,10497,0,0,0,0,0,0,0,31,0,0,0,0,547,7395,0,2,0,11958,0,0,0,0,0,3,3,90,0,0,0,0,1,0
H18209,0,0,0,0,0,0,140,0,12018,0,0,0,0,0,5,0,101,0,0,0,0,943,9791,0,0,0,787,0,2,0,0,0,1,0,308,0,0,0,0,0,0
H18093,0,0,0,0,0,10,336,0,6872,0,0,0,0,0,1,0,61,0,0,0,0,185,2940,0,0,0,2696,0,3,0,0,0,0,0,1676,0,0,0,0,17,0
H26769,0,0,0,0,0,32,281,0,2469,0,0,0,0,0,10,0,3,0,0,0,0,1096,4092,0,0,0,407,1,0,0,0,0,3,0,1197,0,0,0,0,1,0
H18170,0,0,0,0,0,5,45,0,4467,0,0,0,0,0,17,0,83,0,0,0,0,1026,4602,22,1,0,388,1,0,0,0,0,0,0,2371,0,0,0,0,3,0
H27295,0,0,0,0,0,1,1016,0,10150,0,0,0,0,0,0,0,29,0,0,0,0,970,12518,0,0,0,6923,0,0,0,0,0,0,0,503,0,0,0,0,0,0
H26780,0,0,0,0,0,1,93,0,7931,0,0,0,0,0,41,0,582,0,0,0,0,294,3808,0,0,0,113,0,10,0,0,0,0,0,2041,0,0,0,0,0,0
H30973,0,0,0,0,0,11,488,0,5085,0,0,5,0,0,0,0,15,0,0,0,0,2176,10982,0,0,0,124,0,0,0,0,0,0,0,87,815,0,0,0,13,0
H27148,0,0,0,0,0,2,178,0,12707,0,0,0,0,0,0,0,22,0,0,0,0,131,6503,0,0,0,5798,0,0,0,0,0,0,0,485,0,0,0,0,0,0
H25978,0,0,0,0,0,11,419,0,15043,0,0,0,0,0,0,0,6,0,0,0,0,832,12533,0,0,0,2493,0,0,0,0,0,0,0,1704,0,0,0,0,0,0
H26021,0,0,0,0,0,21,734,0,8191,0,0,3,0,0,0,0,37,0,0,0,0,497,2997,0,0,0,1313,0,0,0,0,0,0,0,525,0,0,0,0,3,1
H34111,0,0,0,0,0,4,365,0,2515,0,0,0,0,0,18,0,3,0,8,0,0,1102,9650,0,0,0,1877,0,0,0,0,0,5,0,1769,0,0,0,0,0,0
H32812,0,0,0,0,0,21,209,0,7522,0,0,0,0,0,0,0,76,0,0,0,0,863,7867,0,0,0,897,0,1,0,0,0,6,0,1839,0,0,0,0,0,0
H27398,0,0,0,0,8,11,106,0,15040,0,0,5,0,0,0,0,9,0,0,0,0,1001,9133,0,0,0,380,0,0,0,0,0,18,0,755,0,0,0,0,0,0
H26944,0,0,0,0,0,9,37,0,3348,0,0,0,0,0,0,0,5,0,0,0,0,2176,6010,0,1,0,554,0,0,0,0,0,0,2,64,0,0,0,0,0,0
H27427,0,0,0,0,0,8,233,0,18477,0,0,0,0,0,0,0,28,0,0,0,0,941,6932,0,0,0,1379,0,1,0,0,0,0,1,7197,0,0,0,0,0,1
H26828,0,0,0,0,0,6,249,0,3372,0,0,0,0,0,0,0,0,0,0,0,0,139,5966,0,0,0,1428,0,0,4,0,0,0,0,1958,0,0,0,0,0,0
H30957,0,0,0,0,0,24,283,7,1096,0,0,0,0,0,43,0,191,0,0,0,0,879,17092,0,0,0,183,0,0,0,0,0,0,0,1233,0,0,0,0,0,0
H26077,0,0,0,0,0,14,30,0,502,0,0,0,0,0,0,0,22,0,0,0,0,347,6495,0,0,0,3315,0,0,0,0,0,0,1,345,0,0,0,0,1,0
H26091,0,0,0,0,0,5,279,0,1830,0,0,0,0,0,4,0,0,0,0,0,0,821,6060,0,0,0,173,0,0,0,0,0,1,0,45,0,0,0,0,23,0
H25801,0,0,0,0,0,21,836,0,9777,0,0,4,0,0,0,0,0,0,0,0,0,1077,6303,0,0,0,695,0,0,0,0,0,3,2,4325,0,0,0,0,0,0
H21546,0,0,0,0,0,3,150,0,13336,0,0,0,0,0,96,0,1324,0,0,0,0,649,6689,0,0,0,105,0,0,0,0,0,0,0,684,0,0,0,0,1,1
H18223,0,1,0,0,0,13,63,0,6717,0,0,0,0,0,6,0,51,0,0,0,0,366,10706,1,2,0,7367,0,0,0,0,0,6,0,666,0,0,0,0,0,0
H28017,0,0,0,0,0,2,38,0,16202,0,0,0,0,0,0,0,8,1,0,0,0,160,17309,0,0,0,245,0,0,0,0,0,1,7,1595,0,0,0,0,0,0
H25873,0,0,0,0,0,0,10,0,9818,0,0,0,0,0,0,0,0,0,0,0,0,273,5027,0,0,0,142,0,0,0,0,0,0,0,46,0,0,0,0,0,0
H26938,0,0,0,0,0,8,323,0,826,0,0,0,0,0,183,0,11,0,0,0,0,552,8507,0,0,0,1529,0,0,0,0,0,6,4,26,0,0,0,0,0,1
H26738,0,0,0,0,0,1,66,0,7111,0,0,17,0,0,0,0,53,0,0,0,0,3566,12401,0,0,0,193,0,0,0,0,0,0,0,120,0,0,0,0,0,0
H26825,0,0,0,0,0,3,65,0,3081,0,0,0,0,0,0,0,17,0,0,0,0,132,3210,0,0,0,2022,0,0,1,0,0,0,1,2039,0,0,0,0,0,0
H26596,0,0,0,0,0,6,132,0,6720,0,0,1,0,0,0,0,130,0,0,0,0,592,2687,0,0,0,218,0,1,0,0,0,8,1,390,0,0,0,0,4,0
H27278,0,0,0,0,0,8,118,0,11604,0,0,3,0,0,90,0,23,0,0,0,0,747,8258,6,0,0,1693,0,4,0,0,0,3,0,577,0,0,0,0,0,0
H32780,0,0,0,0,0,7,314,0,7165,0,0,0,0,0,2,0,14,0,0,0,0,1012,10318,1,0,0,2731,0,0,0,0,0,1,2,1396,0,0,0,0,0,0
H27255,0,0,0,0,0,6,58,0,9560,0,0,0,0,0,0,0,0,0,0,0,0,1155,6019,0,0,0,4157,0,0,0,0,0,0,0,5992,0,0,0,0,0,0
H26919,0,0,0,0,0,0,6,0,7037,0,0,0,0,0,0,0,0,0,0,0,0,60,3493,0,0,0,838,0,0,0,0,0,0,0,37,0,0,0,0,0,0
H27394,0,0,0,0,0,29,861,0,5439,0,0,0,0,0,0,0,5,0,0,0,0,2001,12885,0,0,0,2807,0,0,0,0,0,4,0,219,0,0,0,0,0,0
H26096,0,0,0,0,0,5,107,0,5683,0,0,0,0,0,0,0,1,0,0,0,0,162,9817,0,0,0,1697,0,0,0,0,0,0,0,186,0,0,0,0,0,1
H32775,0,0,0,0,0,25,637,0,11937,0,0,0,0,0,0,0,0,0,0,0,0,652,9216,0,0,0,2681,0,0,3,0,0,0,0,202,0,0,0,0,0,0
H25838,0,0,0,0,0,1,1,0,14774,0,0,0,0,0,0,0,0,0,0,0,0,98,2490,0,0,0,287,0,0,0,0,0,0,0,5730,0,0,0,0,0,0
H27904,0,0,0,0,0,2,534,0,7302,0,0,0,0,0,0,0,3,0,0,0,0,1469,4488,0,1,0,2317,0,0,1,0,0,0,0,5784,0,0,0,0,0,1
H26894,0,0,0,0,0,2,6,0,6593,0,0,0,0,0,0,0,1,0,0,0,0,219,4100,0,0,0,334,0,0,0,0,0,2,0,35,0,0,0,0,0,0
H26589,0,0,0,0,0,8,524,0,2504,0,0,1,0,0,0,0,7,0,0,0,0,972,4027,0,0,0,684,0,0,0,0,0,1,0,3872,0,0,0,0,0,0
H27999,0,0,0,0,0,37,1117,0,11453,0,0,0,0,0,0,0,14,0,0,0,0,732,26808,0,0,0,819,0,0,0,0,0,0,0,780,0,0,0,0,0,0
H28050,0,0,0,0,0,14,208,0,2256,0,0,4,0,0,54,0,2,0,0,0,0,1996,19603,0,0,0,1194,0,0,0,0,0,0,0,3859,0,0,0,0,0,0
H25961,0,0,0,0,1,20,304,0,730,0,0,0,0,0,0,0,0,0,0,0,0,1131,5502,0,0,0,7940,0,0,0,0,0,0,0,12568,0,0,0,0,0,0
H21553,0,0,0,0,0,4,102,0,6264,0,0,0,0,0,3,0,45,0,0,0,0,327,4396,1,0,0,317,0,0,0,0,0,0,0,1779,0,0,0,0,1,0
H18126,0,0,0,0,0,27,322,0,3505,0,0,9,0,0,0,0,9,0,0,0,0,306,4629,1,0,0,90,0,0,0,0,0,6,0,269,0,0,0,0,1,0
H27372,0,0,0,0,0,2,1217,0,9263,0,0,0,0,0,0,0,259,0,0,0,0,1133,14360,15,0,0,1080,0,0,0,0,0,0,0,6979,0,0,0,0,9,0
H18162,0,0,0,0,0,8,33,0,6109,0,0,2,0,0,1,0,63,0,0,0,0,559,5033,1,2,0,1261,0,0,0,0,0,2,1,423,0,0,0,0,0,0
H25948,0,0,0,0,0,23,718,0,11909,0,0,0,0,0,0,0,40,0,0,0,0,254,7413,0,0,0,1172,0,14,0,0,0,3,5,3461,0,0,0,0,0,0
H25975,0,0,0,0,0,34,1411,0,5979,0,0,0,0,0,0,0,22,0,0,0,0,343,8853,0,5,0,243,0,0,0,0,0,0,0,139,0,0,0,0,0,0
H30924,0,0,0,0,0,1,235,0,10059,0,0,0,0,0,0,0,0,0,0,0,0,1074,9872,5,0,0,768,0,0,0,0,0,0,6,3433,0,0,0,0,2,0
H26585,0,0,0,0,0,2,179,0,2024,0,0,0,0,0,0,0,1,0,0,0,0,904,4104,0,0,0,31,0,0,0,0,0,0,0,505,0,0,0,0,1,0
H27123,0,0,0,0,0,1,57,0,12587,0,0,0,0,0,0,0,25,0,0,0,0,2385,7300,0,0,0,1936,0,0,0,0,0,0,0,3468,0,0,0,0,0,0
H18149,0,0,0,0,0,4,86,0,5230,0,0,0,0,0,0,0,0,0,0,0,0,815,3937,0,0,0,2097,0,0,0,0,0,1,0,979,0,0,0,0,0,0
H26062,0,0,0,0,0,8,25,0,8266,0,0,0,0,0,6,0,30,0,0,0,0,81,2393,0,0,0,416,0,0,0,0,0,0,1,249,0,0,0,0,0,0
H25904,0,0,0,0,0,12,275,0,3912,0,0,0,0,0,0,0,12,0,0,0,0,284,9015,0,0,0,2659,0,0,0,0,0,2,0,1450,0,0,0,0,1,0
H25750,0,0,0,0,0,2,48,0,8328,0,0,0,0,0,85,0,86,0,0,0,0,494,3725,0,0,0,568,0,1,0,0,0,6,0,59,0,0,0,0,0,1
H18172,0,0,0,0,0,4,237,0,5155,0,0,1,0,0,0,0,62,0,0,0,0,552,9709,5,0,0,37,4,0,0,0,0,0,0,501,0,0,0,0,0,0
H28998,0,0,0,0,0,43,773,0,6529,0,0,0,0,0,27,0,2,0,0,0,0,3497,12712,0,0,0,7723,2,2,0,0,0,0,0,72,0,0,0,0,0,0
H27388,0,0,0,0,0,4,1024,0,5575,0,0,3,0,0,0,0,31,0,0,0,0,1600,12283,0,0,0,30,0,0,0,0,0,0,0,6038,0,0,0,0,18,0
H18340,0,0,0,0,0,2,450,0,6739,0,0,9,0,0,1,0,10,0,22,0,0,957,7087,2,0,0,925,0,1,0,0,0,1,0,200,0,0,0,0,10,0
H27184,0,0,0,0,0,57,903,0,6918,0,0,4,0,0,51,0,2,0,0,0,0,1713,12590,0,0,0,149,0,2,0,0,0,0,0,701,0,0,8,0,11,1
H25770,0,0,0,0,0,7,326,0,4332,0,0,0,0,0,0,0,5,0,0,0,0,1165,5937,1,0,0,2397,0,0,0,0,0,0,0,123,0,0,0,0,2,0
H25787,0,0,0,0,0,29,682,0,6211,0,0,0,0,0,0,0,71,0,0,0,0,320,6777,0,0,0,2229,0,0,1,0,0,3,0,1056,0,0,0,0,0,0
H26841,0,0,0,0,0,0,2,0,4451,0,0,0,0,0,9,0,70,0,0,0,0,53,4556,0,0,0,1157,0,0,0,0,0,0,0,375,0,0,0,0,0,0
H27252,0,0,0,0,0,9,65,0,4320,0,0,0,0,0,0,0,0,0,0,0,0,1682,10893,0,0,0,1299,0,0,0,0,0,0,0,4722,0,0,0,0,0,0
H27405,0,0,0,0,0,2,180,0,16561,0,0,0,0,0,0,0,0,0,0,0,0,328,9302,0,0,0,118,0,0,0,0,0,8,0,7857,0,0,0,0,0,0
H26928,0,0,0,0,0,3,70,0,8078,0,0,8,0,0,0,0,36,0,0,0,0,375,8211,2,2,0,1852,6,3,0,0,0,2,0,592,37,0,0,0,0,0
H18252,0,0,0,0,0,22,4,0,7498,0,0,0,0,0,0,0,0,0,0,0,0,196,2525,0,0,0,0,0,0,0,0,0,0,1,10787,0,0,0,0,0,0
H26712,0,0,0,0,0,8,88,0,7803,0,0,2,0,0,0,0,0,0,0,0,0,214,3621,0,0,0,281,0,0,0,0,0,0,0,367,0,0,0,0,0,0
H27914,0,0,0,0,0,0,6,0,2263,0,0,0,0,0,0,0,11,0,0,0,0,39,3181,1,0,0,685,0,0,0,0,0,0,0,1677,0,0,0,0,0,0
H25926,0,0,0,0,0,19,569,0,8300,0,0,0,0,0,2,0,1,0,0,0,0,175,9654,0,0,0,722,0,0,0,0,0,0,0,1257,0,0,0,0,0,0
H27102,0,0,0,0,0,0,231,0,7287,0,0,0,0,0,18,0,186,0,0,0,0,769,9002,21,0,0,2,1,0,0,0,0,0,2,2663,0,0,0,0,17,0
H18228,0,0,0,0,0,0,233,0,5302,0,0,0,0,0,0,0,88,0,0,0,0,336,4887,0,0,0,533,0,0,0,0,0,0,2,822,0,0,0,0,0,1
H18373,0,0,0,0,0,1,51,0,8040,0,0,0,0,0,0,0,25,0,0,0,0,327,5263,0,2,0,1225,0,0,0,0,0,1,0,703,0,0,0,0,1,0
H27438,0,0,0,0,0,122,881,0,393,0,0,11,0,0,0,0,0,0,0,0,0,7631,2583,0,0,0,309,0,0,0,0,0,0,56,5704,0,0,0,0,0,0
H30980,0,0,0,0,0,8,245,0,7407,0,0,1,0,0,6,0,35,0,0,0,0,947,4807,0,0,0,366,0,0,0,0,0,2,0,744,0,0,0,0,0,0
H25921,0,0,0,0,0,26,204,0,5807,0,0,0,0,0,1,0,365,0,0,0,0,584,7294,0,0,0,3649,0,0,0,0,0,0,0,1072,0,0,0,0,0,0
H27180,0,0,0,0,0,3,93,0,9690,0,0,0,0,0,0,0,33,0,0,0,0,2763,7134,4,0,0,653,2,0,0,0,0,0,0,84,0,0,0,0,0,0
H27113,0,0,0,0,0,0,22,0,7733,0,0,0,0,0,0,0,77,0,0,0,0,1145,6480,4,0,0,744,0,0,0,0,0,0,0,166,0,0,0,0,0,0
H27104,0,0,0,0,0,3,11,0,7676,0,0,1,0,0,0,0,6,0,0,0,0,2227,6989,0,2,0,2556,0,1,0,0,0,0,0,361,0,0,0,0,0,0
H27317,0,0,0,0,0,10,67,0,17011,0,0,0,0,0,0,0,7,0,0,0,0,196,6270,0,0,0,89,0,0,0,0,0,0,0,43,0,0,0,0,0,0
H25912,0,0,0,0,0,7,35,0,8093,0,0,0,0,0,54,0,0,0,0,0,0,113,4227,0,0,0,581,0,0,0,0,0,0,0,72,0,0,0,0,0,0
H27890,0,0,0,0,0,14,108,0,5360,0,0,3,0,0,0,0,1,0,0,0,0,674,3832,0,0,0,3557,0,0,0,0,0,2,0,2684,0,0,0,0,0,0
H27947,0,0,0,0,0,1,101,0,12636,0,0,0,0,0,0,0,7,0,0,0,1,440,10854,1,0,0,481,0,0,0,0,0,0,0,581,0,0,0,0,0,0
H21550,0,0,0,0,0,1,241,0,4429,0,0,0,0,0,8,0,15,0,0,0,0,322,7189,1,0,0,360,0,0,0,0,0,0,0,1301,0,0,0,0,2,0
H18381,0,0,0,0,0,2,101,0,7121,0,0,0,0,0,8,0,3,0,0,0,0,250,3167,0,0,0,296,0,0,0,0,0,0,0,218,0,0,0,0,0,0
H27302,0,0,0,0,0,4,0,0,13042,0,0,0,0,0,0,0,21,0,0,0,0,137,2741,0,0,0,920,0,0,0,0,0,0,0,998,0,0,0,0,0,0
H26094,0,0,0,0,0,0,9,0,6923,0,0,0,0,0,0,0,40,0,0,0,0,344,2476,0,0,0,448,0,0,0,0,0,0,0,6592,0,0,0,0,0,0
H25916,0,0,0,0,0,0,244,0,21041,0,0,0,0,0,0,0,234,0,0,0,0,310,7013,0,0,0,4243,0,2,0,0,0,0,0,1640,0,0,0,0,0,0
H27290,0,0,0,0,0,3,135,0,6079,0,0,0,0,0,0,0,0,0,0,0,0,1523,9705,0,0,0,2172,0,0,0,0,0,4,0,12645,0,0,0,0,0,0
H25758,0,0,0,0,0,57,273,0,12649,0,0,0,0,0,0,0,388,0,0,0,0,58,4811,0,0,0,1680,0,0,0,0,0,0,0,7010,0,0,0,0,4,0
H31109,0,0,0,0,0,1577,591,0,10149,0,0,0,0,0,0,0,97,0,0,0,0,1805,9075,0,0,0,17,0,0,0,0,0,4,0,1315,0,0,0,0,0,1
H27986,0,0,0,0,0,7,247,0,16459,0,0,0,0,0,0,0,6,0,0,0,0,691,5457,0,0,0,3899,0,0,0,0,0,0,0,478,0,0,2,0,0,0
H27414,0,0,0,0,0,4,69,0,7716,0,0,15,0,0,3,0,52,0,0,0,0,1289,11511,0,0,0,63,0,0,0,0,0,0,0,378,0,0,0,0,0,0
H30958,0,0,0,0,0,9,144,0,4442,0,0,0,0,0,53,0,0,0,0,0,0,4409,15826,0,0,0,567,0,0,0,0,0,18,0,138,0,0,0,0,0,1
H18095,0,0,0,0,0,1,108,0,6404,0,0,0,0,0,39,0,30,0,0,0,0,334,4649,8,0,0,53,3,0,0,0,0,0,0,272,0,0,0,0,0,0
H26042,0,0,0,0,0,4,29,0,4090,0,0,0,0,0,0,0,10,0,0,0,0,842,6127,0,0,0,5488,0,0,0,0,0,5,0,99,0,0,0,0,0,0
H18219,0,0,0,0,0,19,1105,0,6273,0,0,0,0,0,0,0,6,0,0,0,0,772,5411,52,0,0,60,0,0,0,0,0,2,1,4535,0,0,0,0,0,0
H18211,0,0,0,0,0,1940,874,0,7897,0,0,1,0,0,0,0,44,0,0,0,0,754,5002,0,0,0,303,0,0,0,0,0,0,0,4167,0,0,0,0,0,0
H26890,0,0,0,0,0,1,15,0,6523,0,0,0,0,0,0,0,1,0,0,0,0,65,3924,0,0,0,670,0,0,0,0,0,0,0,222,0,0,0,0,1,0
H26918,0,0,0,0,0,1,8,0,4896,0,0,0,0,0,4,0,49,0,0,0,0,144,2424,0,2,0,968,0,0,0,0,0,0,0,1785,0,0,0,0,1,0
H26112,0,0,0,0,0,0,282,0,4448,0,0,0,0,0,0,0,0,0,0,0,0,407,5098,0,0,0,30,0,4,0,0,0,0,0,1330,0,0,1,0,0,1
H26823,0,0,0,0,0,3,145,0,5112,0,0,0,0,0,1,0,7,0,0,0,0,870,4129,4,0,0,85,0,15,0,0,0,0,0,1365,0,0,0,0,0,1
H30960,0,0,0,0,0,7,101,0,5983,0,0,0,0,0,0,0,12,0,0,0,0,781,5650,2,0,0,1666,0,0,0,0,0,1,2,2050,0,0,0,0,28,0
H27898,0,0,0,0,0,0,91,0,8510,0,0,9,0,0,66,0,8,0,0,0,0,629,7370,16,0,0,136,0,0,0,0,0,1,0,113,0,0,0,0,0,0
H26024,0,0,0,0,0,24,189,0,4132,0,0,0,0,0,0,0,2,0,0,0,0,677,4271,0,0,0,145,0,0,0,0,0,0,0,3799,0,0,0,0,0,0
H27373,0,0,0,0,0,12,535,0,2993,0,0,0,0,0,0,0,1,0,0,0,0,1770,20304,0,0,0,8470,0,0,8,0,0,2,2,2579,0,0,0,0,0,0
H27251,0,0,0,0,0,12,598,0,7190,0,0,0,0,0,0,0,2,0,0,0,0,1050,16194,0,0,0,2750,0,0,0,0,0,1,0,251,0,0,0,0,0,1
H27164,0,0,0,0,0,0,30,0,14647,0,0,0,0,0,0,0,17,0,0,0,0,120,5337,0,0,0,510,0,0,0,0,0,0,2,1697,0,0,0,0,0,0
H27408,0,0,0,0,0,25,22,0,5751,0,0,18,0,0,0,0,1,0,0,0,0,808,9929,0,0,0,3103,0,0,0,0,0,0,0,335,0,0,0,0,0,0
H18212,0,0,0,0,0,0,167,0,6799,0,0,0,0,0,60,0,18,0,0,0,9,1386,6119,0,0,0,21,0,0,0,0,0,0,2,455,0,0,0,0,0,0
H27330,0,0,0,0,0,2,367,0,5330,0,0,0,0,0,8,0,21,0,0,0,0,1214,8807,0,1,0,3561,0,0,0,0,0,0,0,332,0,0,0,0,0,0
H26731,0,0,0,0,0,5,190,0,2863,0,0,0,0,0,0,0,45,0,0,0,0,2296,11206,0,0,0,255,0,0,0,0,0,5,0,115,0,0,0,0,7,0
H27303,0,0,0,0,0,7,52,0,11020,0,0,0,0,0,0,0,14,0,0,0,0,158,11933,0,0,0,3356,0,0,0,0,0,0,0,1749,0,0,0,0,0,1
H29002,0,0,0,0,0,7,2543,0,19889,0,0,0,0,0,33,0,312,0,0,0,0,1062,12848,0,0,0,4290,0,0,0,0,0,0,1,888,0,0,0,0,0,0
H29009,0,0,0,0,0,51,2288,0,6790,0,0,0,0,0,0,0,101,0,0,0,0,487,10374,0,2,0,2032,0,0,0,0,0,5,2,406,0,0,0,0,0,0
H26915,0,0,0,0,0,6,51,0,6651,0,0,0,0,0,0,0,0,0,0,0,0,442,3490,0,0,0,511,0,0,0,0,0,0,0,2516,0,0,0,0,0,0
H18383,0,0,0,0,0,4,132,0,6698,0,0,0,0,0,13,0,0,0,0,0,0,72,5765,5,0,0,979,0,1,0,0,0,0,0,304,0,0,0,0,5,0
H26830,0,0,0,0,0,0,67,0,3444,0,0,0,0,0,0,0,0,0,0,0,0,99,2793,0,0,0,2181,0,0,0,0,0,0,0,0,0,0,0,0,0,1
H26605,0,0,0,0,0,6,117,0,2744,0,0,0,0,0,13,0,72,0,0,0,0,890,4081,5,0,0,98,3,0,0,0,0,1,0,241,0,0,0,0,2,0
H18185,0,0,0,0,0,18,88,0,8231,0,0,0,0,0,0,0,67,0,0,0,0,801,4798,24,0,0,2221,0,1,0,0,0,4,0,966,0,0,0,0,0,0
H18286,0,0,0,0,0,31,387,0,9143,0,0,0,0,0,0,0,14,0,0,0,0,528,4644,0,0,0,1538,0,0,0,0,0,10,0,2248,0,0,0,0,0,0
H21532,0,0,0,0,0,59,398,6,1382,0,0,5,0,0,0,0,5,0,0,0,0,905,9300,0,0,0,871,0,0,0,0,0,8,15,97,0,0,0,0,0,1
H21560,0,0,0,0,0,8,160,0,5472,0,0,1,0,0,33,0,24,0,0,0,0,494,5462,0,0,0,130,0,0,0,0,0,0,0,502,0,0,0,0,0,0
H27298,0,0,0,0,0,0,347,0,11874,0,0,0,0,0,26,0,72,0,0,0,0,1773,9582,0,0,0,4733,0,0,0,0,0,0,0,382,0,0,0,0,0,0
H25818,0,0,0,0,0,3,146,0,18128,0,0,1,0,0,0,0,0,0,0,0,0,1555,8565,0,0,0,4151,0,0,0,0,0,0,0,2160,0,0,0,0,0,0
H25910,0,0,0,0,0,2,265,0,7649,0,0,1,0,0,6,0,267,0,0,0,0,326,6599,14,0,0,656,0,0,0,0,0,0,0,5177,0,0,0,0,1,1
H25862,0,0,0,0,0,3,27,0,16547,0,0,0,0,0,30,0,70,0,0,0,0,122,8894,0,0,0,832,0,0,0,0,0,0,0,1033,0,0,0,0,0,0
H27135,0,0,0,0,0,2,127,0,5773,0,0,0,0,0,228,0,106,0,0,0,0,232,8982,2,0,0,1989,0,0,0,0,0,1,0,969,0,0,0,0,1,0
H26729,0,0,0,0,0,13,24,0,3935,0,0,0,0,0,0,0,7,0,0,0,0,30,6281,0,0,0,2355,0,2,0,0,0,0,0,25,0,0,0,0,0,0
H21556,0,0,0,0,0,7,153,0,7720,0,0,0,0,0,0,0,205,0,0,0,0,420,4914,0,0,0,220,0,0,0,0,0,0,2,53,0,0,0,0,1,0
H18115,0,0,0,0,0,10,487,0,3207,0,0,0,0,0,0,0,22,0,0,0,0,598,5672,0,0,0,5251,0,0,0,0,0,0,0,116,0,0,0,0,0,0
H18288,0,0,0,0,0,9,193,0,2662,0,0,0,0,0,0,0,6,0,0,0,0,440,8426,0,0,0,163,0,0,0,0,0,0,0,416,0,0,0,0,0,0
H27149,0,0,0,0,0,2,180,0,16566,0,0,3,0,0,2,0,25,0,0,0,0,752,9008,0,0,0,1222,0,0,0,0,0,0,0,4050,0,0,0,0,0,0
H26063,0,0,0,0,0,18,390,0,5591,0,0,0,0,0,0,0,24,0,0,0,0,297,6717,4,0,0,285,0,0,0,0,0,1,0,2243,0,0,0,0,0,0
H26850,0,0,0,0,0,17,275,0,3119,0,0,6,0,0,685,0,32,0,0,0,0,3030,6214,0,0,0,768,0,0,0,0,0,0,0,5024,0,0,0,0,0,0
H26752,0,0,0,0,0,7,105,0,7207,0,0,0,0,0,0,0,1,0,0,0,0,524,3425,2,0,0,185,0,1,0,0,0,0,0,144,0,0,0,0,2,0
H32788,0,0,0,0,0,8,219,0,16760,0,0,24,0,0,0,0,49,0,0,0,0,1163,7677,0,0,0,2808,0,0,0,0,0,1,0,1981,0,0,2,0,0,0
H27286,0,0,0,0,0,64,304,0,2239,0,0,0,0,0,133,0,39,0,0,0,0,3477,10946,0,0,0,286,0,0,0,0,0,8,0,9626,0,0,0,0,0,0
H18274,0,0,0,0,0,0,216,0,8637,0,0,0,0,0,0,0,17,0,0,0,0,2833,7048,6,0,0,117,0,0,0,0,0,0,0,143,0,0,0,0,2,0
H25889,0,0,0,0,0,7,215,0,10005,0,0,3,0,0,533,0,179,0,0,0,0,673,10702,0,0,0,2091,0,5,0,0,0,0,3,4132,0,0,0,0,5,0
H26584,0,0,0,0,0,12,392,0,1418,0,0,1,0,0,0,0,128,0,0,0,0,439,3873,0,0,0,532,0,0,0,0,0,2,1,84,0,0,0,0,0,1
H27111,0,0,0,0,0,18,94,0,7838,0,0,0,0,0,0,0,179,0,0,0,0,2624,7970,0,0,0,5811,0,0,0,0,0,0,3,19483,0,0,0,0,0,0
H27988,0,0,0,0,0,4,36,0,9508,0,0,1,0,0,0,0,10,0,0,0,0,351,4032,0,0,0,100,0,15,0,0,0,3,0,1040,0,0,0,0,0,0
H18260,0,0,0,0,0,3,38,0,11934,0,0,4,0,0,0,0,54,0,0,0,0,115,4918,0,0,0,280,0,5,0,0,0,5,0,1288,0,0,1,0,0,1
H27078,0,0,0,0,0,8,144,0,9217,0,0,0,0,0,29,0,172,0,0,0,0,602,6817,0,1,0,2336,0,0,0,0,0,0,0,7899,0,0,0,0,0,0
H27163,0,0,0,0,0,3,175,0,10992,0,0,0,0,0,0,0,0,0,0,0,0,1116,9251,0,0,0,736,0,0,0,0,0,0,0,1656,0,0,0,0,10,0
H30949,0,0,0,0,0,386,1869,0,2485,0,0,0,0,0,4,0,3,0,0,0,0,2502,15016,0,0,0,85,0,0,0,10,0,51,0,92,0,0,1,0,0,0
H32915,0,0,0,0,0,34,3290,0,9667,0,0,0,0,0,0,0,10,0,0,0,0,2619,10681,0,0,0,562,0,43,0,0,0,0,0,14053,0,0,0,0,0,0
H30945,0,0,0,0,0,5,348,0,6585,0,0,0,0,0,0,0,0,0,0,0,0,2126,16767,0,0,0,210,0,0,0,0,0,0,0,1406,0,0,0,0,0,0
H26875,0,0,0,0,0,121,208,0,5513,0,0,4,0,0,0,0,1,0,0,0,0,230,3194,0,0,0,25,2,0,0,0,0,0,0,6092,0,0,0,0,0,0
H26906,0,0,0,0,0,8,64,0,2680,0,0,7,0,0,0,0,18,0,0,0,0,396,6550,17,0,0,207,1,0,0,0,0,2,0,2177,0,0,0,0,0,1
H31149,0,0,0,0,0,14,578,0,7294,0,0,2,0,0,0,0,0,0,0,0,0,2547,10272,0,0,0,98,0,0,0,0,0,12,2,540,0,0,1,0,1,0
H18359,0,0,0,0,0,7,397,0,1185,0,0,1,0,0,32,0,0,0,0,0,0,1511,7761,0,0,0,1119,0,1,0,0,0,0,0,297,0,0,0,0,0,0
H27929,0,0,0,0,0,2,65,0,4057,0,0,0,0,0,0,0,2,0,0,0,0,365,4346,1,0,0,563,0,0,0,0,0,0,0,1974,0,0,0,0,0,0
H18261,0,0,0,0,0,1,62,0,4158,0,0,0,0,0,0,0,27,0,0,0,0,194,4287,0,0,0,6442,0,0,0,0,0,10,0,546,0,0,0,0,0,0
H27383,0,0,0,0,0,4,245,0,8136,0,0,0,0,0,0,0,0,0,0,0,0,56,13454,0,0,0,74,0,0,0,0,0,2,0,76,0,0,0,0,0,0
H30939,0,0,0,0,0,49,1208,0,6502,0,0,4,0,0,0,0,0,0,0,0,0,5591,7295,0,0,0,272,0,0,0,0,0,14,0,6350,0,0,0,0,0,0
H28019,0,0,0,0,0,4,415,0,11216,0,0,0,0,0,0,0,0,0,0,0,0,868,17661,0,0,0,171,0,3,0,0,0,0,1,101,0,0,0,0,0,1
H25920,0,0,0,0,0,3,54,0,4612,0,0,0,0,0,17,0,5,0,0,0,0,296,3743,0,0,0,1332,0,0,0,0,0,1,1,29,0,0,0,0,0,0
H18332,0,0,0,0,0,5,142,0,5045,0,0,0,0,0,0,0,37,0,0,0,0,552,6461,0,0,0,333,0,0,0,0,0,1,1,67,0,0,0,0,0,0
H32815,0,0,0,0,0,8,125,0,13804,0,0,0,0,0,0,0,5,0,0,0,0,324,6316,0,2,0,802,2,0,0,0,0,0,0,181,0,0,0,0,0,0
H31093,0,0,0,0,0,0,135,0,6471,0,0,0,0,0,19,0,75,0,0,0,0,528,5849,15,0,0,217,2,2,0,0,0,2,1,1584,0,0,0,0,0,0
H27108,0,0,0,0,0,5,16,0,6380,0,0,0,0,0,39,0,5,0,0,0,0,189,12141,0,0,0,3351,0,0,0,0,0,2,0,908,0,0,0,0,0,0
H25823,0,0,0,0,0,3,812,0,13081,0,0,2,0,0,0,0,15,0,0,0,0,260,10670,1,0,0,1118,0,0,0,0,0,0,0,229,0,0,0,0,0,0
H27263,0,0,0,0,0,9,156,0,10733,0,0,0,0,0,6,0,41,0,0,0,0,577,12201,0,2,0,1843,0,0,0,0,0,6,0,264,0,0,0,0,1,0
H26557,0,0,0,0,0,1,39,0,6725,0,0,0,0,0,0,0,0,0,0,0,0,194,6583,0,0,0,1363,0,1,0,0,0,0,0,37,0,0,0,0,0,0
H27192,0,0,0,0,0,45,3378,0,1579,0,0,0,0,0,0,0,5,0,0,0,0,2682,10744,0,0,0,9635,0,0,0,0,0,0,0,74,0,0,0,0,0,0
H27098,0,0,0,0,0,0,108,0,11306,0,0,2,0,0,0,0,95,0,0,0,0,784,8199,0,0,0,148,0,0,0,0,0,0,38,686,0,0,0,0,1,0
H26691,0,0,0,0,0,2,62,0,5817,0,0,0,0,0,16,0,58,0,0,0,0,178,3805,0,1,0,1326,0,0,0,0,0,1,0,215,0,0,0,0,0,0
H18391,0,0,0,0,0,7,1230,0,3481,0,0,0,0,0,16,0,7,0,0,0,0,1064,6318,0,0,0,3485,0,0,0,0,0,2,0,91,0,0,0,0,0,0
H26956,0,0,0,0,0,5,8,0,7772,0,0,0,0,0,0,0,21,0,0,0,0,104,3617,0,0,0,3367,0,0,0,0,0,0,0,537,0,0,0,0,0,0
H27232,0,0,0,0,0,5,67,0,16948,0,0,0,0,0,0,0,112,0,0,0,0,680,6581,0,1,0,1168,0,0,0,0,0,8,0,1243,0,0,0,0,0,1
H30966,0,0,0,0,0,0,120,0,6142,0,0,0,0,0,13,0,6,0,0,0,0,312,8615,3,0,0,8115,0,0,0,0,0,0,0,1279,0,0,0,0,0,0
H26684,0,0,0,0,0,10,27,0,9377,0,0,1,0,0,0,0,39,0,0,0,0,44,4730,0,0,0,2302,0,8,0,0,0,1,0,3418,0,0,0,0,0,0
H30917,0,0,0,0,0,8,447,0,8961,0,0,0,0,0,0,0,1,0,0,0,0,646,4531,0,0,0,1634,0,0,0,0,0,0,0,2120,0,0,0,0,0,0
H27118,0,0,0,0,0,3,113,0,12454,0,0,0,0,0,40,0,13,0,0,0,0,166,5004,0,2,0,5620,0,0,0,0,0,0,0,181,0,0,0,0,2,0
H26809,0,0,0,0,0,1,65,0,5648,0,0,0,0,0,6,0,17,0,0,0,0,420,5078,0,0,0,2011,0,0,0,0,0,2,0,472,0,0,0,0,0,0
H25847,0,0,0,0,0,9,1088,0,10814,0,0,0,0,0,0,0,18,0,0,0,0,821,10111,0,0,0,228,0,0,0,0,0,0,3,59,78,0,0,0,0,0
H18237,0,0,0,0,0,1,134,0,10551,0,0,1,0,0,0,0,2,0,0,0,0,836,5628,0,0,0,924,0,0,0,0,0,3,0,2441,0,0,0,0,0,0
H18272,0,0,0,0,0,2,759,0,13049,0,0,0,0,0,0,0,11,0,0,0,0,340,8189,0,0,0,737,0,0,0,0,0,1,0,782,0,0,0,0,0,0
H26807,0,0,0,0,0,14,134,0,2887,0,0,0,0,0,0,0,1,0,0,0,0,1216,5981,0,0,0,69,0,2,0,0,0,3,0,428,0,0,0,0,0,1
H26860,0,0,0,0,0,1,8,0,7835,0,0,47,0,0,0,0,0,0,0,0,0,14,1852,0,0,0,377,0,0,0,0,0,0,0,793,0,0,0,0,0,0
H27183,0,0,0,0,0,11,229,0,9404,0,0,0,0,0,1,0,0,0,0,0,0,3035,10331,0,5,0,1,0,0,0,0,0,0,0,15562,0,0,0,0,0,1
H18231,0,0,0,0,0,6,90,0,9040,0,0,7,0,0,0,0,190,0,0,0,0,809,7688,0,1,0,465,0,0,0,0,0,1,0,1060,0,0,61,0,0,0
H18191,0,0,0,0,0,4,25,0,6928,0,0,0,0,0,17,0,76,0,0,0,0,771,5627,18,0,0,950,1,0,0,0,0,0,0,2599,0,0,0,0,1,0
H26692,0,0,0,0,0,8,86,0,4224,0,0,1,0,0,6,0,100,0,0,0,0,194,4287,0,0,0,93,0,3,0,0,0,2,3,373,1,0,0,0,0,0
H26756,0,0,0,0,0,9,196,0,5504,0,0,0,0,0,1,0,457,0,0,0,0,1717,7974,0,0,0,627,0,0,0,0,0,6,0,199,0,8,0,0,0,0
